url,difficulty,number,acceptance,solution
https://leetcode.com/problems/valid-number,Hard,65,13.4%,undefined
https://leetcode.com/problems/string-to-integer-atoi,Medium,8,14.2%,undefined
https://leetcode.com/problems/max-points-on-a-line,Hard,149,15.3%,undefined
https://leetcode.com/problems/reverse-words-in-a-string,Medium,151,15.7%,undefined
https://leetcode.com/problems/divide-two-integers,Medium,29,15.8%,undefined
https://leetcode.com/problems/word-ladder-ii,Hard,126,16.1%,undefined
https://leetcode.com/problems/find-the-closest-palindrome,Hard,564,17.3%,https://leetcode.com/articles/find-the-closest-palindrome
https://leetcode.com/problems/prime-palindrome,Medium,866,18.3%,https://leetcode.com/articles/prime-palindrome
https://leetcode.com/problems/strong-password-checker,Hard,420,18.4%,undefined
https://leetcode.com/problems/fraction-to-recurring-decimal,Medium,166,18.7%,https://leetcode.com/articles/fraction-to-recurring-decimal
https://leetcode.com/problems/contains-duplicate-iii,Medium,220,19.0%,https://leetcode.com/articles/contains-duplicate-iii
https://leetcode.com/problems/unique-word-abbreviation,Medium,288,19.0%,https://leetcode.com/articles/unique-word-abbreviation
https://leetcode.com/problems/design-linked-list,Easy,707,19.4%,undefined
https://leetcode.com/problems/non-decreasing-array,Easy,665,19.7%,https://leetcode.com/articles/non-decreasing-array
https://leetcode.com/problems/sequence-reconstruction,Medium,444,19.7%,undefined
https://leetcode.com/problems/shortest-subarray-with-sum-at-least-k,Hard,862,19.9%,https://leetcode.com/articles/shortest-subarray-with-sum-atleast-k
https://leetcode.com/problems/smallest-range-ii,Medium,910,20.0%,https://leetcode.com/articles/smallest-range-ii
https://leetcode.com/problems/validate-ip-address,Medium,468,20.6%,undefined
https://leetcode.com/problems/surrounded-regions,Medium,130,21.2%,undefined
https://leetcode.com/problems/decode-ways,Medium,91,21.3%,undefined
https://leetcode.com/problems/reverse-pairs,Hard,493,21.5%,https://leetcode.com/articles/reverse-pairs
https://leetcode.com/problems/text-justification,Hard,68,21.5%,undefined
https://leetcode.com/problems/word-ladder,Medium,127,21.7%,undefined
https://leetcode.com/problems/trips-and-users,Hard,262,21.8%,undefined
https://leetcode.com/problems/wildcard-matching,Hard,44,21.9%,undefined
https://leetcode.com/problems/compare-version-numbers,Medium,165,21.9%,undefined
https://leetcode.com/problems/transpose-file,Medium,194,21.9%,undefined
https://leetcode.com/problems/department-top-three-salaries,Hard,185,22.0%,https://leetcode.com/articles/department-top-three-salaries
https://leetcode.com/problems/sum-of-subarray-minimums,Medium,907,22.1%,https://leetcode.com/articles/sum-of-subarray-minimums
https://leetcode.com/problems/lru-cache,Hard,146,22.3%,undefined
https://leetcode.com/problems/3sum,Medium,15,22.4%,undefined
https://leetcode.com/problems/decoded-string-at-index,Medium,880,22.4%,https://leetcode.com/articles/decoded-string-at-index
https://leetcode.com/problems/substring-with-concatenation-of-all-words,Hard,30,22.6%,undefined
https://leetcode.com/problems/split-array-with-same-average,Hard,805,22.7%,https://leetcode.com/articles/split-array-with-same-average
https://leetcode.com/problems/missing-ranges,Medium,163,22.8%,undefined
https://leetcode.com/problems/second-degree-follower,Medium,614,22.8%,undefined
https://leetcode.com/problems/nth-highest-salary,Medium,177,23.3%,undefined
https://leetcode.com/problems/integer-to-english-words,Hard,273,23.3%,undefined
https://leetcode.com/problems/super-egg-drop,Hard,887,23.4%,https://leetcode.com/articles/super-egg-drop
https://leetcode.com/problems/cat-and-mouse,Hard,913,23.4%,https://leetcode.com/articles/cat-and-mouse-game
https://leetcode.com/problems/nth-magical-number,Hard,878,23.6%,https://leetcode.com/articles/nth-magical-number
https://leetcode.com/problems/continuous-subarray-sum,Medium,523,23.7%,https://leetcode.com/articles/continous-subarray-sum
https://leetcode.com/problems/decode-ways-ii,Hard,639,24.1%,https://leetcode.com/articles/decode-ways-ii
https://leetcode.com/problems/longest-valid-parentheses,Hard,32,24.2%,https://leetcode.com/articles/longest-valid-parentheses
https://leetcode.com/problems/read-n-characters-given-read4-ii-call-multiple-times,Hard,158,24.3%,undefined
https://leetcode.com/problems/median-of-two-sorted-arrays,Hard,4,24.4%,https://leetcode.com/articles/median-of-two-sorted-arrays
https://leetcode.com/problems/regular-expression-matching,Hard,10,24.5%,https://leetcode.com/articles/regular-expression-matching
https://leetcode.com/problems/reverse-integer,Easy,7,24.6%,https://leetcode.com/articles/reverse-integer
https://leetcode.com/problems/largest-number,Medium,179,24.6%,https://leetcode.com/articles/largest-number
https://leetcode.com/problems/validate-binary-search-tree,Medium,98,24.7%,undefined
https://leetcode.com/problems/second-highest-salary,Easy,176,24.9%,https://leetcode.com/articles/second-highest-salary
https://leetcode.com/problems/create-maximum-number,Hard,321,24.9%,undefined
https://leetcode.com/problems/clone-graph,Medium,133,25.1%,undefined
https://leetcode.com/problems/valid-phone-numbers,Easy,193,25.1%,undefined
https://leetcode.com/problems/bricks-falling-when-hit,Hard,803,25.2%,https://leetcode.com/articles/bricks-falling-when-hit
https://leetcode.com/problems/department-highest-salary,Medium,184,25.2%,https://leetcode.com/articles/department-highest-salary
https://leetcode.com/problems/longest-substring-without-repeating-characters,Medium,3,25.3%,https://leetcode.com/articles/longest-substring-without-repeating-characters
https://leetcode.com/problems/best-time-to-buy-and-sell-stock-iv,Hard,188,25.5%,undefined
https://leetcode.com/problems/copy-list-with-random-pointer,Medium,138,25.6%,https://leetcode.com/articles/copy-list-with-random-pointer
https://leetcode.com/problems/reaching-points,Hard,780,25.6%,https://leetcode.com/articles/reaching-points
https://leetcode.com/problems/remove-k-digits,Medium,402,25.6%,undefined
https://leetcode.com/problems/dungeon-game,Hard,174,25.6%,undefined
https://leetcode.com/problems/circular-array-loop,Medium,457,25.7%,undefined
https://leetcode.com/problems/range-sum-query-mutable,Medium,307,25.7%,https://leetcode.com/articles/range-sum-query-mutable
https://leetcode.com/problems/longest-palindromic-substring,Medium,5,25.7%,https://leetcode.com/articles/longest-palindromic-substring
https://leetcode.com/problems/cherry-pickup,Hard,741,25.7%,https://leetcode.com/articles/cherry-pickup
https://leetcode.com/problems/encode-and-decode-strings,Medium,271,25.7%,undefined
https://leetcode.com/problems/rotate-list,Medium,61,25.7%,undefined
https://leetcode.com/problems/k-th-smallest-in-lexicographical-order,Hard,440,25.8%,undefined
https://leetcode.com/problems/word-break-ii,Hard,140,25.9%,https://leetcode.com/articles/word-break-ii
https://leetcode.com/problems/sum-of-subsequence-widths,Hard,891,25.9%,https://leetcode.com/articles/sum-of-subsequence-widths
https://leetcode.com/problems/coin-path,Hard,656,26.0%,https://leetcode.com/articles/coin-path
https://leetcode.com/problems/palindrome-partitioning-ii,Hard,132,26.0%,undefined
https://leetcode.com/problems/insert-into-a-cyclic-sorted-list,Medium,708,26.1%,undefined
https://leetcode.com/problems/largest-palindrome-product,Easy,479,26.2%,undefined
https://leetcode.com/problems/numbers-at-most-n-given-digit-set,Hard,902,26.2%,https://leetcode.com/articles/numbers-at-most-n-given-digit-set
https://leetcode.com/problems/can-i-win,Medium,464,26.3%,undefined
https://leetcode.com/problems/shortest-palindrome,Hard,214,26.3%,https://leetcode.com/articles/shortest-palindrome
https://leetcode.com/problems/find-the-shortest-superstring,Hard,943,26.3%,https://leetcode.com/articles/find-the-shortest-superstring
https://leetcode.com/problems/design-twitter,Medium,355,26.3%,undefined
https://leetcode.com/problems/snakes-and-ladders,Medium,909,26.4%,https://leetcode.com/articles/snakes-and-ladders
https://leetcode.com/problems/word-search-ii,Hard,212,26.4%,undefined
https://leetcode.com/problems/word-frequency,Medium,192,26.4%,undefined
https://leetcode.com/problems/interleaving-string,Hard,97,26.4%,https://leetcode.com/articles/interleaving-strings
https://leetcode.com/problems/maximum-sum-circular-subarray,Medium,918,26.5%,https://leetcode.com/articles/maximum-sub-circular-subarray
https://leetcode.com/problems/jump-game-ii,Hard,45,26.5%,undefined
https://leetcode.com/problems/self-crossing,Hard,335,26.6%,undefined
https://leetcode.com/problems/buddy-strings,Easy,859,26.7%,https://leetcode.com/articles/buddy-strings
https://leetcode.com/problems/candy,Hard,135,26.7%,https://leetcode.com/articles/candy
https://leetcode.com/problems/minimum-number-of-refueling-stops,Hard,871,26.8%,https://leetcode.com/articles/minimum-number-of-refueling-stops
https://leetcode.com/problems/wiggle-sort-ii,Medium,324,26.9%,undefined
https://leetcode.com/problems/powx-n,Medium,50,26.9%,https://leetcode.com/articles/powx-n
https://leetcode.com/problems/lfu-cache,Hard,460,26.9%,undefined
https://leetcode.com/problems/maximum-average-subarray-ii,Hard,644,26.9%,https://leetcode.com/articles/maximum-average-subarray-ii
https://leetcode.com/problems/new-21-game,Medium,837,27.0%,https://leetcode.com/articles/new-21-game
https://leetcode.com/problems/count-the-repetitions,Hard,466,27.2%,https://leetcode.com/articles/count-the-repetitions
https://leetcode.com/problems/three-equal-parts,Hard,927,27.2%,https://leetcode.com/articles/three-equal-parts
https://leetcode.com/problems/first-missing-positive,Hard,41,27.2%,undefined
https://leetcode.com/problems/132-pattern,Medium,456,27.3%,https://leetcode.com/articles/132-pattern
https://leetcode.com/problems/count-primes,Easy,204,27.4%,undefined
https://leetcode.com/problems/simplify-path,Medium,71,27.4%,undefined
https://leetcode.com/problems/perfect-rectangle,Hard,391,27.5%,undefined
https://leetcode.com/problems/rotate-array,Easy,189,27.6%,https://leetcode.com/articles/rotate-array
https://leetcode.com/problems/stamping-the-sequence,Hard,936,27.6%,https://leetcode.com/articles/stamping-the-sequence
https://leetcode.com/problems/first-bad-version,Easy,278,27.7%,https://leetcode.com/articles/first-bad-version
https://leetcode.com/problems/coin-change,Medium,322,27.7%,https://leetcode.com/articles/coin-change
https://leetcode.com/problems/add-and-search-word-data-structure-design,Medium,211,27.8%,undefined
https://leetcode.com/problems/maximum-product-subarray,Medium,152,27.8%,undefined
https://leetcode.com/problems/additive-number,Medium,306,27.9%,undefined
https://leetcode.com/problems/valid-tic-tac-toe-state,Medium,794,27.9%,https://leetcode.com/articles/valid-tic-tac-toe-state
https://leetcode.com/problems/read-n-characters-given-read4,Easy,157,27.9%,undefined
https://leetcode.com/problems/cut-off-trees-for-golf-event,Hard,675,28.0%,https://leetcode.com/articles/cutoff-trees-for-golf-event
https://leetcode.com/problems/k-inverse-pairs-array,Hard,629,28.0%,https://leetcode.com/articles/k-inverse-pairs-array
https://leetcode.com/problems/find-k-th-smallest-pair-distance,Hard,719,28.0%,https://leetcode.com/articles/find-k-th-smallest-pair-distance
https://leetcode.com/problems/prefix-and-suffix-search,Hard,745,28.1%,https://leetcode.com/articles/prefix-and-suffix-search
https://leetcode.com/problems/excel-sheet-column-title,Easy,168,28.1%,undefined
https://leetcode.com/problems/third-maximum-number,Easy,414,28.2%,undefined
https://leetcode.com/problems/design-excel-sum-formula,Hard,631,28.3%,https://leetcode.com/articles/design-excel-sum-formula
https://leetcode.com/problems/water-and-jug-problem,Medium,365,28.4%,undefined
https://leetcode.com/problems/all-oone-data-structure,Hard,432,28.5%,undefined
https://leetcode.com/problems/two-sum-iii-data-structure-design,Easy,170,28.5%,undefined
https://leetcode.com/problems/binary-tree-maximum-path-sum,Hard,124,28.5%,undefined
https://leetcode.com/problems/3sum-with-multiplicity,Medium,923,28.5%,https://leetcode.com/articles/3sum-with-multiplicity
https://leetcode.com/problems/walking-robot-simulation,Easy,874,28.6%,https://leetcode.com/articles/walking-robot-simulation
https://leetcode.com/problems/k-diff-pairs-in-an-array,Easy,532,28.6%,undefined
https://leetcode.com/problems/alien-dictionary,Hard,269,28.6%,undefined
https://leetcode.com/problems/delete-duplicate-emails,Easy,196,28.6%,https://leetcode.com/articles/delete-duplicate-emails
https://leetcode.com/problems/palindrome-pairs,Hard,336,28.6%,undefined
https://leetcode.com/problems/design-snake-game,Medium,353,28.6%,undefined
https://leetcode.com/problems/valid-word-abbreviation,Easy,408,28.6%,undefined
https://leetcode.com/problems/spiral-matrix,Medium,54,28.7%,https://leetcode.com/articles/spiral-matrix
https://leetcode.com/problems/4sum,Medium,18,28.7%,undefined
https://leetcode.com/problems/reorder-list,Medium,143,28.7%,undefined
https://leetcode.com/problems/arithmetic-slices-ii-subsequence,Hard,446,28.8%,https://leetcode.com/articles/arithmetic-slices-ii-subsequence
https://leetcode.com/problems/super-palindromes,Hard,906,28.8%,https://leetcode.com/articles/super-palindromes
https://leetcode.com/problems/minimum-window-substring,Hard,76,28.8%,https://leetcode.com/articles/minimum-window-substring
https://leetcode.com/problems/redundant-connection-ii,Hard,685,28.9%,https://leetcode.com/articles/redundant-connection-ii
https://leetcode.com/problems/multiply-strings,Medium,43,29.1%,undefined
https://leetcode.com/problems/valid-palindrome,Easy,125,29.1%,undefined
https://leetcode.com/problems/remove-comments,Medium,722,29.2%,https://leetcode.com/articles/remove-comments
https://leetcode.com/problems/next-greater-element-iii,Medium,556,29.2%,https://leetcode.com/articles/next-greater-element-iii
https://leetcode.com/problems/reverse-bits,Easy,190,29.2%,undefined
https://leetcode.com/problems/zigzag-conversion,Medium,6,29.2%,https://leetcode.com/articles/zigzag-conversion
https://leetcode.com/problems/largest-rectangle-in-histogram,Hard,84,29.2%,https://leetcode.com/articles/largest-rectangle-in-histogram
https://leetcode.com/problems/minimum-height-trees,Medium,310,29.2%,undefined
https://leetcode.com/problems/range-sum-query-2d-mutable,Hard,308,29.3%,undefined
https://leetcode.com/problems/shortest-unsorted-continuous-subarray,Easy,581,29.3%,https://leetcode.com/articles/shortest-unsorted-continous-subarray
https://leetcode.com/problems/count-complete-tree-nodes,Medium,222,29.3%,undefined
https://leetcode.com/problems/sentence-screen-fitting,Medium,418,29.4%,undefined
https://leetcode.com/problems/word-search,Medium,79,29.4%,undefined
https://leetcode.com/problems/next-permutation,Medium,31,29.4%,https://leetcode.com/articles/next-permutation
https://leetcode.com/problems/number-of-digit-one,Hard,233,29.5%,https://leetcode.com/articles/number-of-digit-one
https://leetcode.com/problems/add-two-numbers,Medium,2,29.5%,https://leetcode.com/articles/add-two-numbers
https://leetcode.com/problems/range-sum-query-2d-immutable,Medium,304,29.7%,https://leetcode.com/articles/range-sum-query-2d-immutable
https://leetcode.com/problems/consecutive-numbers-sum,Hard,829,29.8%,https://leetcode.com/articles/consecutive-numbers-sum
https://leetcode.com/problems/sqrtx,Easy,69,29.8%,undefined
https://leetcode.com/problems/restore-ip-addresses,Medium,93,29.8%,undefined
https://leetcode.com/problems/linked-list-cycle-ii,Medium,142,29.8%,https://leetcode.com/articles/linked-list-cycle-ii
https://leetcode.com/problems/nth-digit,Easy,400,29.9%,undefined
https://leetcode.com/problems/reach-a-number,Easy,754,29.9%,https://leetcode.com/articles/reach-a-number
https://leetcode.com/problems/course-schedule-iii,Hard,630,30.0%,https://leetcode.com/articles/course-schedule-iii
https://leetcode.com/problems/random-pick-with-blacklist,Hard,710,30.0%,https://leetcode.com/articles/random-pick-with-blacklist
https://leetcode.com/problems/insert-interval,Hard,57,30.1%,undefined
https://leetcode.com/problems/reconstruct-itinerary,Medium,332,30.1%,undefined
https://leetcode.com/problems/can-place-flowers,Easy,605,30.2%,https://leetcode.com/articles/can-place-flowers
https://leetcode.com/problems/heaters,Easy,475,30.2%,undefined
https://leetcode.com/problems/the-skyline-problem,Hard,218,30.2%,undefined
https://leetcode.com/problems/implement-strstr,Easy,28,30.4%,undefined
https://leetcode.com/problems/evaluate-reverse-polish-notation,Medium,150,30.4%,undefined
https://leetcode.com/problems/consecutive-numbers,Medium,180,30.4%,https://leetcode.com/articles/consecutive-numbers
https://leetcode.com/problems/scramble-string,Hard,87,30.5%,undefined
https://leetcode.com/problems/jump-game,Medium,55,30.5%,https://leetcode.com/articles/jump-game
https://leetcode.com/problems/line-reflection,Medium,356,30.5%,undefined
https://leetcode.com/problems/basic-calculator,Hard,224,30.5%,undefined
https://leetcode.com/problems/insert-delete-getrandom-o1-duplicates-allowed,Hard,381,30.5%,undefined
https://leetcode.com/problems/swap-adjacent-in-lr-string,Medium,777,30.6%,https://leetcode.com/articles/swap-adjacent-in-lr-string
https://leetcode.com/problems/binary-trees-with-factors,Medium,823,30.6%,https://leetcode.com/articles/binary-trees-with-factors
https://leetcode.com/problems/majority-element-ii,Medium,229,30.6%,undefined
https://leetcode.com/problems/sliding-window-median,Hard,480,30.6%,https://leetcode.com/articles/sliding-window-median
https://leetcode.com/problems/valid-parenthesis-string,Medium,678,30.7%,https://leetcode.com/articles/valid-parenthesis-string
https://leetcode.com/problems/integer-replacement,Medium,397,30.7%,undefined
https://leetcode.com/problems/intersection-of-two-linked-lists,Easy,160,30.8%,https://leetcode.com/articles/intersection-of-two-linked-lists
https://leetcode.com/problems/out-of-boundary-paths,Medium,576,30.8%,https://leetcode.com/articles/out-of-boundary-paths
https://leetcode.com/problems/champagne-tower,Medium,799,31.1%,https://leetcode.com/articles/champagne-tower
https://leetcode.com/problems/merge-k-sorted-lists,Hard,23,31.2%,https://leetcode.com/articles/merge-k-sorted-list
https://leetcode.com/problems/permutation-sequence,Medium,60,31.2%,undefined
https://leetcode.com/problems/maximum-gap,Hard,164,31.2%,https://leetcode.com/articles/maximum-gap
https://leetcode.com/problems/mini-parser,Medium,385,31.2%,undefined
https://leetcode.com/problems/remove-duplicate-letters,Hard,316,31.2%,undefined
https://leetcode.com/problems/find-cumulative-salary-of-an-employee,Hard,579,31.2%,https://leetcode.com/articles/find-cumulative-salary-of-an-employee
https://leetcode.com/problems/one-edit-distance,Medium,161,31.3%,undefined
https://leetcode.com/problems/bitwise-ors-of-subarrays,Medium,898,31.3%,https://leetcode.com/articles/bitwise-ors-of-subarrays
https://leetcode.com/problems/repeated-string-match,Easy,686,31.3%,https://leetcode.com/articles/repeated-string-match
https://leetcode.com/problems/tag-validator,Hard,591,31.4%,https://leetcode.com/articles/tag-validator
https://leetcode.com/problems/maximal-rectangle,Hard,85,31.4%,undefined
https://leetcode.com/problems/remove-duplicates-from-sorted-list-ii,Medium,82,31.4%,undefined
https://leetcode.com/problems/k-similar-strings,Hard,854,31.4%,https://leetcode.com/articles/k-similar-strings
https://leetcode.com/problems/count-of-range-sum,Hard,327,31.4%,undefined
https://leetcode.com/problems/minimum-factorization,Medium,625,31.5%,https://leetcode.com/articles/minimum-factorization
https://leetcode.com/problems/maximal-square,Medium,221,31.5%,https://leetcode.com/articles/maximal-square
https://leetcode.com/problems/expression-add-operators,Hard,282,31.5%,https://leetcode.com/articles/expression-add-operators
https://leetcode.com/problems/student-attendance-record-ii,Hard,552,31.6%,https://leetcode.com/articles/student-attendance-record-ii
https://leetcode.com/problems/cheapest-flights-within-k-stops,Medium,787,31.6%,https://leetcode.com/articles/cheapest-flights-within-k-stops
https://leetcode.com/problems/basic-calculator-ii,Medium,227,31.7%,undefined
https://leetcode.com/problems/largest-bst-subtree,Medium,333,31.8%,undefined
https://leetcode.com/problems/race-car,Hard,818,31.8%,https://leetcode.com/articles/race-car
https://leetcode.com/problems/gas-station,Medium,134,31.9%,undefined
https://leetcode.com/problems/best-time-to-buy-and-sell-stock-iii,Hard,123,32.0%,undefined
https://leetcode.com/problems/non-negative-integers-without-consecutive-ones,Hard,600,32.0%,https://leetcode.com/articles/non-negative-integers-without-consecutive-ones
https://leetcode.com/problems/length-of-last-word,Easy,58,32.0%,undefined
https://leetcode.com/problems/rearrange-string-k-distance-apart,Hard,358,32.0%,undefined
https://leetcode.com/problems/find-k-pairs-with-smallest-sums,Medium,373,32.1%,undefined
https://leetcode.com/problems/longest-common-prefix,Easy,14,32.2%,https://leetcode.com/articles/longest-common-prefix
https://leetcode.com/problems/search-in-rotated-sorted-array,Medium,33,32.2%,undefined
https://leetcode.com/problems/longest-mountain-in-array,Medium,845,32.3%,https://leetcode.com/articles/longest-mountain-in-array
https://leetcode.com/problems/concatenated-words,Hard,472,32.3%,undefined
https://leetcode.com/problems/find-first-and-last-position-of-element-in-sorted-array,Medium,34,32.3%,https://leetcode.com/articles/find-first-and-last-position-element-sorted-array
https://leetcode.com/problems/course-schedule-ii,Medium,210,32.3%,undefined
https://leetcode.com/problems/random-flip-matrix,Medium,519,32.3%,https://leetcode.com/articles/random-flip-matrix
https://leetcode.com/problems/range-module,Hard,715,32.4%,https://leetcode.com/articles/range-module
https://leetcode.com/problems/search-in-rotated-sorted-array-ii,Medium,81,32.4%,undefined
https://leetcode.com/problems/number-of-longest-increasing-subsequence,Medium,673,32.4%,https://leetcode.com/articles/number-of-longest-increasing-subsequence
https://leetcode.com/problems/longest-uncommon-subsequence-ii,Medium,522,32.4%,https://leetcode.com/articles/longest-uncommon-subsequence-ii
https://leetcode.com/problems/sum-of-square-numbers,Easy,633,32.4%,https://leetcode.com/articles/sum-of-square-numbers
https://leetcode.com/problems/sort-list,Medium,148,32.5%,undefined
https://leetcode.com/problems/rising-temperature,Easy,197,32.5%,https://leetcode.com/articles/rising-temperature
https://leetcode.com/problems/perfect-number,Easy,507,32.6%,https://leetcode.com/articles/perfect-number
https://leetcode.com/problems/rank-scores,Medium,178,32.7%,undefined
https://leetcode.com/problems/palindrome-permutation-ii,Medium,267,32.7%,https://leetcode.com/articles/palindrome-permutation-ii
https://leetcode.com/problems/minimum-swaps-to-make-sequences-increasing,Medium,801,32.7%,https://leetcode.com/articles/minimum-swaps-to-make-sequences-increasing
https://leetcode.com/problems/longest-univalue-path,Easy,687,32.7%,https://leetcode.com/articles/longest-univalue-path
https://leetcode.com/problems/find-median-from-data-stream,Hard,295,32.8%,https://leetcode.com/articles/find-median-from-data-stream
https://leetcode.com/problems/unique-paths-ii,Medium,63,32.8%,https://leetcode.com/articles/unique-paths-ii
https://leetcode.com/problems/recover-binary-search-tree,Hard,99,32.9%,undefined
https://leetcode.com/problems/similar-string-groups,Hard,839,32.9%,https://leetcode.com/articles/similar-string-groups
https://leetcode.com/problems/patching-array,Hard,330,33.0%,https://leetcode.com/articles/patching-array
https://leetcode.com/problems/russian-doll-envelopes,Hard,354,33.0%,undefined
https://leetcode.com/problems/valid-palindrome-ii,Easy,680,33.0%,https://leetcode.com/articles/valid-palindrome-ii
https://leetcode.com/problems/reverse-linked-list-ii,Medium,92,33.0%,undefined
https://leetcode.com/problems/3sum-closest,Medium,16,33.0%,undefined
https://leetcode.com/problems/x-of-a-kind-in-a-deck-of-cards,Easy,914,33.1%,https://leetcode.com/articles/x-of-a-kind-in-a-deck-of-cards
https://leetcode.com/problems/average-salary-departments-vs-company,Hard,615,33.1%,https://leetcode.com/articles/average-salary-departments-vs-company
https://leetcode.com/problems/inorder-successor-in-bst,Medium,285,33.1%,undefined
https://leetcode.com/problems/word-break,Medium,139,33.2%,https://leetcode.com/articles/word-break
https://leetcode.com/problems/boundary-of-binary-tree,Medium,545,33.2%,https://leetcode.com/articles/boundary-of-binary-tree
https://leetcode.com/problems/most-profit-assigning-work,Medium,826,33.2%,https://leetcode.com/articles/most-profit-assigning-work
https://leetcode.com/problems/unique-substrings-in-wraparound-string,Medium,467,33.3%,undefined
https://leetcode.com/problems/lowest-common-ancestor-of-a-binary-tree,Medium,236,33.3%,https://leetcode.com/articles/lowest-common-ancestor-of-a-binary-tree
https://leetcode.com/problems/get-highest-answer-rate-question,Medium,578,33.3%,https://leetcode.com/articles/get-highest-answer-rate-question
https://leetcode.com/problems/design-search-autocomplete-system,Hard,642,33.3%,https://leetcode.com/articles/design-search-autocomplete-system
https://leetcode.com/problems/valid-mountain-array,Easy,941,33.3%,https://leetcode.com/articles/valid-mountain-array
https://leetcode.com/problems/friends-of-appropriate-ages,Medium,825,33.4%,https://leetcode.com/articles/friends-of-appropriate-ages
https://leetcode.com/problems/k-empty-slots,Hard,683,33.4%,https://leetcode.com/articles/k-empty-slots
https://leetcode.com/problems/random-point-in-non-overlapping-rectangles,Medium,497,33.4%,https://leetcode.com/articles/random-point-in-non-overlapping-rectangles
https://leetcode.com/problems/populating-next-right-pointers-in-each-node-ii,Medium,117,33.4%,undefined
https://leetcode.com/problems/classes-more-than-5-students,Easy,596,33.5%,https://leetcode.com/articles/classes-more-than-5-students
https://leetcode.com/problems/minimum-size-subarray-sum,Medium,209,33.5%,https://leetcode.com/articles/minimum-size-subarray-sum
https://leetcode.com/problems/remove-nth-node-from-end-of-list,Medium,19,33.6%,https://leetcode.com/articles/remove-nth-node-from-end-of-list
https://leetcode.com/problems/erect-the-fence,Hard,587,33.6%,https://leetcode.com/articles/erect-the-fence
https://leetcode.com/problems/shortest-path-to-get-all-keys,Hard,864,33.7%,https://leetcode.com/articles/shortest-path-to-get-all-keys
https://leetcode.com/problems/merge-intervals,Medium,56,33.7%,https://leetcode.com/articles/merge-intervals
https://leetcode.com/problems/01-matrix,Medium,542,33.7%,https://leetcode.com/articles/01-matrix
https://leetcode.com/problems/smallest-good-base,Hard,483,33.7%,undefined
https://leetcode.com/problems/distinct-subsequences,Hard,115,33.7%,undefined
https://leetcode.com/problems/unique-binary-search-trees-ii,Medium,95,33.8%,https://leetcode.com/articles/unique-binary-search-trees-ii
https://leetcode.com/problems/distinct-subsequences-ii,Hard,940,33.8%,https://leetcode.com/articles/distinct-subsequences-ii
https://leetcode.com/problems/merge-sorted-array,Easy,88,33.8%,undefined
https://leetcode.com/problems/design-compressed-string-iterator,Easy,604,33.9%,https://leetcode.com/articles/desing-compressed-string-iterator
https://leetcode.com/problems/profitable-schemes,Hard,879,33.9%,https://leetcode.com/articles/profitable-schemes
https://leetcode.com/problems/minimum-window-subsequence,Hard,727,33.9%,https://leetcode.com/articles/minimum-window-subsequence
https://leetcode.com/problems/split-array-into-fibonacci-sequence,Medium,842,33.9%,https://leetcode.com/articles/split-array-into-fibonacci-sequence
https://leetcode.com/problems/exam-room,Medium,855,33.9%,https://leetcode.com/articles/exam-room
https://leetcode.com/problems/contains-duplicate-ii,Easy,219,33.9%,https://leetcode.com/articles/contains-duplicate-ii
https://leetcode.com/problems/human-traffic-of-stadium,Hard,601,33.9%,https://leetcode.com/articles/human-traffic-of-stadium
https://leetcode.com/problems/min-stack,Easy,155,34.0%,undefined
https://leetcode.com/problems/reverse-nodes-in-k-group,Hard,25,34.0%,undefined
https://leetcode.com/problems/tenth-line,Easy,195,34.1%,undefined
https://leetcode.com/problems/minimum-unique-word-abbreviation,Hard,411,34.1%,undefined
https://leetcode.com/problems/domino-and-tromino-tiling,Medium,790,34.1%,https://leetcode.com/articles/domino-and-tromino-tiling
https://leetcode.com/problems/strobogrammatic-number-iii,Hard,248,34.1%,undefined
https://leetcode.com/problems/word-pattern,Easy,290,34.1%,undefined
https://leetcode.com/problems/generate-random-point-in-a-circle,Medium,478,34.1%,https://leetcode.com/articles/generate-random-point-in-a-circle
https://leetcode.com/problems/frog-jump,Hard,403,34.1%,https://leetcode.com/articles/frog-jump
https://leetcode.com/problems/largest-divisible-subset,Medium,368,34.1%,undefined
https://leetcode.com/problems/summary-ranges,Medium,228,34.2%,https://leetcode.com/articles/summary-ranges
https://leetcode.com/problems/h-index,Medium,274,34.2%,https://leetcode.com/articles/h-index
https://leetcode.com/problems/sudoku-solver,Hard,37,34.2%,undefined
https://leetcode.com/problems/max-sum-of-rectangle-no-larger-than-k,Hard,363,34.3%,undefined
https://leetcode.com/problems/knight-dialer,Medium,935,34.3%,https://leetcode.com/articles/knight-dialer
https://leetcode.com/problems/binary-subarrays-with-sum,Medium,930,34.3%,https://leetcode.com/articles/binary-subarrays-with-sum
https://leetcode.com/problems/minimum-depth-of-binary-tree,Easy,111,34.3%,https://leetcode.com/articles/minimum-depth-of-binary-tree
https://leetcode.com/problems/reverse-words-in-a-string-ii,Medium,186,34.3%,undefined
https://leetcode.com/problems/reachable-nodes-in-subdivided-graph,Hard,882,34.4%,https://leetcode.com/articles/reachable-nodes-in-subdivided-graph
https://leetcode.com/problems/search-a-2d-matrix,Medium,74,34.4%,undefined
https://leetcode.com/problems/subarray-product-less-than-k,Medium,713,34.5%,https://leetcode.com/articles/subarray-product-less-than-k
https://leetcode.com/problems/rotate-function,Medium,396,34.5%,undefined
https://leetcode.com/problems/repeated-dna-sequences,Medium,187,34.5%,undefined
https://leetcode.com/problems/palindrome-linked-list,Easy,234,34.5%,undefined
https://leetcode.com/problems/remove-linked-list-elements,Easy,203,34.5%,undefined
https://leetcode.com/problems/linked-list-cycle,Easy,141,34.6%,https://leetcode.com/articles/linked-list-cycle
https://leetcode.com/problems/soup-servings,Medium,808,34.6%,https://leetcode.com/articles/soup-servings
https://leetcode.com/problems/winning-candidate,Medium,574,34.6%,https://leetcode.com/articles/winning-candidate
https://leetcode.com/problems/ugly-number-ii,Medium,264,34.7%,undefined
https://leetcode.com/problems/magic-squares-in-grid,Easy,840,34.7%,https://leetcode.com/articles/magic-squares-in-grid
https://leetcode.com/problems/house-robber-ii,Medium,213,34.7%,undefined
https://leetcode.com/problems/implement-trie-prefix-tree,Medium,208,34.7%,https://leetcode.com/articles/implement-trie-prefix-tree
https://leetcode.com/problems/convex-polygon,Medium,469,34.9%,undefined
https://leetcode.com/problems/rectangle-area,Medium,223,35.0%,undefined
https://leetcode.com/problems/edit-distance,Hard,72,35.0%,undefined
https://leetcode.com/problems/valid-parentheses,Easy,20,35.0%,https://leetcode.com/articles/valid-parentheses
https://leetcode.com/problems/utf-8-validation,Medium,393,35.0%,https://leetcode.com/articles/utf-8-validation
https://leetcode.com/problems/find-the-celebrity,Medium,277,35.0%,undefined
https://leetcode.com/problems/find-all-anagrams-in-a-string,Easy,438,35.0%,undefined
https://leetcode.com/problems/range-sum-query-immutable,Easy,303,35.0%,https://leetcode.com/articles/range-sum-query-immutable
https://leetcode.com/problems/h-index-ii,Medium,275,35.1%,undefined
https://leetcode.com/problems/set-intersection-size-at-least-two,Hard,757,35.1%,https://leetcode.com/articles/set-intersection-size-at-least-two
https://leetcode.com/problems/super-pow,Medium,372,35.1%,undefined
https://leetcode.com/problems/bitwise-and-of-numbers-range,Medium,201,35.1%,undefined
https://leetcode.com/problems/matchsticks-to-square,Medium,473,35.2%,https://leetcode.com/articles/matchsticks-to-square
https://leetcode.com/problems/partition-list,Medium,86,35.2%,undefined
https://leetcode.com/problems/strange-printer,Hard,664,35.3%,https://leetcode.com/articles/strange-printer
https://leetcode.com/problems/course-schedule,Medium,207,35.4%,undefined
https://leetcode.com/problems/insertion-sort-list,Medium,147,35.4%,undefined
https://leetcode.com/problems/the-maze-iii,Hard,499,35.5%,undefined
https://leetcode.com/problems/paint-fence,Easy,276,35.6%,undefined
https://leetcode.com/problems/find-k-closest-elements,Medium,658,35.6%,https://leetcode.com/articles/find-k-closest-elements
https://leetcode.com/problems/pacific-atlantic-water-flow,Medium,417,35.7%,undefined
https://leetcode.com/problems/car-fleet,Medium,853,35.7%,https://leetcode.com/articles/car-fleet
https://leetcode.com/problems/sum-of-distances-in-tree,Hard,834,35.7%,https://leetcode.com/articles/sum-of-distances-in-tree
https://leetcode.com/problems/k-th-smallest-prime-fraction,Hard,786,35.7%,https://leetcode.com/articles/k-th-smallest-prime-fraction
https://leetcode.com/problems/shortest-distance-from-all-buildings,Hard,317,35.8%,undefined
https://leetcode.com/problems/minimize-malware-spread,Hard,924,35.8%,https://leetcode.com/articles/minimize-malware-spread
https://leetcode.com/problems/string-compression,Easy,443,35.8%,https://leetcode.com/articles/string-compression
https://leetcode.com/problems/isomorphic-strings,Easy,205,35.9%,undefined
https://leetcode.com/problems/sliding-window-maximum,Hard,239,35.9%,undefined
https://leetcode.com/problems/count-of-smaller-numbers-after-self,Hard,315,36.0%,undefined
https://leetcode.com/problems/n-queens,Hard,51,36.1%,undefined
https://leetcode.com/problems/path-sum,Easy,112,36.2%,https://leetcode.com/articles/path-sum
https://leetcode.com/problems/global-and-local-inversions,Medium,775,36.2%,https://leetcode.com/articles/global-and-local-inversions
https://leetcode.com/problems/maximum-distance-in-arrays,Easy,624,36.2%,https://leetcode.com/articles/maximum-distance-in-array
https://leetcode.com/problems/minimum-genetic-mutation,Medium,433,36.3%,undefined
https://leetcode.com/problems/valid-word-square,Easy,422,36.3%,undefined
https://leetcode.com/problems/number-of-segments-in-a-string,Easy,434,36.3%,https://leetcode.com/articles/number-of-segments-in-a-string
https://leetcode.com/problems/super-washing-machines,Hard,517,36.3%,undefined
https://leetcode.com/problems/pour-water,Medium,755,36.4%,https://leetcode.com/articles/pour-water
https://leetcode.com/problems/bus-routes,Hard,815,36.4%,https://leetcode.com/articles/bus-routes
https://leetcode.com/problems/wiggle-subsequence,Medium,376,36.4%,https://leetcode.com/articles/wiggle-subsequence
https://leetcode.com/problems/add-binary,Easy,67,36.5%,undefined
https://leetcode.com/problems/populating-next-right-pointers-in-each-node,Medium,116,36.5%,undefined
https://leetcode.com/problems/closest-leaf-in-a-binary-tree,Medium,742,36.5%,https://leetcode.com/articles/closest-leaf-in-binary-tree
https://leetcode.com/problems/ipo,Hard,502,36.5%,undefined
https://leetcode.com/problems/construct-binary-tree-from-inorder-and-postorder-traversal,Medium,106,36.6%,undefined
https://leetcode.com/problems/maximum-vacation-days,Hard,568,36.6%,https://leetcode.com/articles/maximum-vacation-days
https://leetcode.com/problems/implement-stack-using-queues,Easy,225,36.6%,https://leetcode.com/articles/implement-stack-using-queues
https://leetcode.com/problems/equal-tree-partition,Medium,663,36.6%,https://leetcode.com/articles/equal-tree-partition
https://leetcode.com/problems/guess-number-higher-or-lower-ii,Medium,375,36.6%,https://leetcode.com/articles/guess-number-higher-or-lower-ii
https://leetcode.com/problems/unique-letter-string,Hard,828,36.6%,https://leetcode.com/articles/unique-letter-string
https://leetcode.com/problems/dota2-senate,Medium,649,36.7%,https://leetcode.com/articles/dota2-senate
https://leetcode.com/problems/zuma-game,Hard,488,36.7%,undefined
https://leetcode.com/problems/quad-tree-intersection,Easy,558,36.7%,undefined
https://leetcode.com/problems/flatten-a-multilevel-doubly-linked-list,Medium,430,36.7%,undefined
https://leetcode.com/problems/remove-boxes,Hard,546,36.7%,https://leetcode.com/articles/remove-boxes
https://leetcode.com/problems/find-the-derangement-of-an-array,Medium,634,36.7%,https://leetcode.com/articles/find-derangements
https://leetcode.com/problems/permutation-in-string,Medium,567,36.7%,https://leetcode.com/articles/short-permutation-in-a-long-string
https://leetcode.com/problems/biggest-single-number,Easy,619,36.8%,https://leetcode.com/articles/biggest-single-number
https://leetcode.com/problems/arranging-coins,Easy,441,36.8%,undefined
https://leetcode.com/problems/design-in-memory-file-system,Hard,588,36.8%,https://leetcode.com/articles/design-in-memory-file-system
https://leetcode.com/problems/design-circular-queue,Medium,622,36.8%,undefined
https://leetcode.com/problems/longest-substring-with-at-least-k-repeating-characters,Medium,395,36.9%,undefined
https://leetcode.com/problems/stickers-to-spell-word,Hard,691,36.9%,https://leetcode.com/articles/stickers-to-spell-word
https://leetcode.com/problems/smallest-rotation-with-highest-score,Hard,798,36.9%,https://leetcode.com/articles/smallest-rotation-with-highest-score
https://leetcode.com/problems/factorial-trailing-zeroes,Easy,172,36.9%,undefined
https://leetcode.com/problems/accounts-merge,Medium,721,37.0%,https://leetcode.com/articles/accounts-merge
https://leetcode.com/problems/minimize-malware-spread-ii,Hard,928,37.0%,https://leetcode.com/articles/minimize-malware-spread-ii
https://leetcode.com/problems/shifting-letters,Medium,848,37.0%,https://leetcode.com/articles/shifting-letters
https://leetcode.com/problems/asteroid-collision,Medium,735,37.1%,https://leetcode.com/articles/asteroid-collision
https://leetcode.com/problems/triangle,Medium,120,37.1%,undefined
https://leetcode.com/problems/remove-invalid-parentheses,Hard,301,37.2%,https://leetcode.com/articles/remove-invalid-parentheses
https://leetcode.com/problems/minimize-max-distance-to-gas-station,Hard,774,37.2%,https://leetcode.com/articles/minimize-max-distance-to-gas-station
https://leetcode.com/problems/count-different-palindromic-subsequences,Hard,730,37.4%,https://leetcode.com/articles/count-different-palindromic-subsequences
https://leetcode.com/problems/k-th-symbol-in-grammar,Medium,779,37.5%,https://leetcode.com/articles/k-th-symbol-in-grammar
https://leetcode.com/problems/bulls-and-cows,Medium,299,37.5%,undefined
https://leetcode.com/problems/serialize-and-deserialize-binary-tree,Hard,297,37.7%,https://leetcode.com/articles/serialize-and-deserialize-binary-tree
https://leetcode.com/problems/construct-binary-tree-from-preorder-and-inorder-traversal,Medium,105,37.7%,https://leetcode.com/articles/construct-binary-tree-from-preorder-and-inorder-tr
https://leetcode.com/problems/permutations-ii,Medium,47,37.7%,undefined
https://leetcode.com/problems/peeking-iterator,Medium,284,37.7%,undefined
https://leetcode.com/problems/verify-preorder-serialization-of-a-binary-tree,Medium,331,37.7%,undefined
https://leetcode.com/problems/network-delay-time,Easy,743,37.8%,https://leetcode.com/articles/network-delay-time
https://leetcode.com/problems/guess-number-higher-or-lower,Easy,374,37.9%,https://leetcode.com/articles/guess-number-higher-or-lower
https://leetcode.com/problems/set-matrix-zeroes,Medium,73,38.1%,https://leetcode.com/articles/set-matrix-zeroes
https://leetcode.com/problems/max-stack,Easy,716,38.1%,https://leetcode.com/articles/max-stack
https://leetcode.com/problems/transform-to-chessboard,Hard,782,38.1%,https://leetcode.com/articles/transform-to-chessboard
https://leetcode.com/problems/find-mode-in-binary-search-tree,Easy,501,38.1%,undefined
https://leetcode.com/problems/split-array-into-consecutive-subsequences,Medium,659,38.1%,https://leetcode.com/articles/split-array-into-consecutive-subsequences
https://leetcode.com/problems/palindrome-partitioning,Medium,131,38.1%,undefined
https://leetcode.com/problems/path-sum-ii,Medium,113,38.1%,undefined
https://leetcode.com/problems/maximum-average-subarray-i,Easy,643,38.2%,https://leetcode.com/articles/maximum-average-subarray
https://leetcode.com/problems/convert-sorted-list-to-binary-search-tree,Medium,109,38.2%,https://leetcode.com/articles/convert-sorted-list-to-binary-search-tree
https://leetcode.com/problems/trapping-rain-water-ii,Hard,407,38.2%,undefined
https://leetcode.com/problems/longest-absolute-file-path,Medium,388,38.2%,undefined
https://leetcode.com/problems/delete-node-in-a-bst,Medium,450,38.2%,undefined
https://leetcode.com/problems/add-bold-tag-in-string,Medium,616,38.3%,https://leetcode.com/articles/add-bold-tag-in-a-string
https://leetcode.com/problems/longest-increasing-path-in-a-matrix,Hard,329,38.3%,https://leetcode.com/articles/longest-increasing-path-matrix
https://leetcode.com/problems/remove-duplicates-from-sorted-array,Easy,26,38.4%,https://leetcode.com/articles/remove-duplicates-from-sorted-array
https://leetcode.com/problems/count-and-say,Easy,38,38.4%,undefined
https://leetcode.com/problems/friend-requests-i-overall-acceptance-rate,Easy,597,38.4%,https://leetcode.com/articles/friend-requests-i-overall-acceptance-rate
https://leetcode.com/problems/falling-squares,Hard,699,38.5%,https://leetcode.com/articles/falling-squares
https://leetcode.com/problems/longest-substring-with-at-most-k-distinct-characters,Hard,340,38.5%,undefined
https://leetcode.com/problems/design-phone-directory,Medium,379,38.6%,undefined
https://leetcode.com/problems/find-minimum-in-rotated-sorted-array-ii,Hard,154,38.6%,undefined
https://leetcode.com/problems/remove-duplicates-from-sorted-array-ii,Medium,80,38.6%,undefined
https://leetcode.com/problems/combination-sum-ii,Medium,40,38.6%,undefined
https://leetcode.com/problems/split-concatenated-strings,Medium,555,38.7%,https://leetcode.com/articles/split-assembled-strings
https://leetcode.com/problems/number-of-islands,Medium,200,38.7%,https://leetcode.com/articles/number-of-islands
https://leetcode.com/problems/card-flipping-game,Medium,822,38.7%,https://leetcode.com/articles/card-flipping-game
https://leetcode.com/problems/maximize-distance-to-closest-person,Easy,849,38.7%,https://leetcode.com/articles/maximize-distance-to-closest-person
https://leetcode.com/problems/ones-and-zeroes,Medium,474,38.8%,https://leetcode.com/articles/ones-and-zeroes
https://leetcode.com/problems/repeated-substring-pattern,Easy,459,38.8%,undefined
https://leetcode.com/problems/possible-bipartition,Medium,886,38.8%,https://leetcode.com/articles/possible-bipartition
https://leetcode.com/problems/valid-perfect-square,Easy,367,38.9%,undefined
https://leetcode.com/problems/letter-combinations-of-a-phone-number,Medium,17,38.9%,undefined
https://leetcode.com/problems/maximum-swap,Medium,670,38.9%,https://leetcode.com/articles/maximum-swap
https://leetcode.com/problems/partition-equal-subset-sum,Medium,416,39.0%,undefined
https://leetcode.com/problems/graph-valid-tree,Medium,261,39.0%,undefined
https://leetcode.com/problems/sentence-similarity,Easy,734,39.0%,https://leetcode.com/articles/sentence-similarity
https://leetcode.com/problems/solve-the-equation,Medium,640,39.1%,https://leetcode.com/articles/solve-the-equation
https://leetcode.com/problems/binary-tree-zigzag-level-order-traversal,Medium,103,39.1%,undefined
https://leetcode.com/problems/maximum-width-of-binary-tree,Medium,662,39.1%,https://leetcode.com/articles/maximum-width-of-binary-tree
https://leetcode.com/problems/binary-tree-vertical-order-traversal,Medium,314,39.2%,undefined
https://leetcode.com/problems/two-sum,Easy,1,39.2%,https://leetcode.com/articles/two-sum
https://leetcode.com/problems/perfect-squares,Medium,279,39.2%,undefined
https://leetcode.com/problems/coin-change-2,Medium,518,39.2%,undefined
https://leetcode.com/problems/license-key-formatting,Easy,482,39.3%,undefined
https://leetcode.com/problems/increasing-triplet-subsequence,Medium,334,39.3%,undefined
https://leetcode.com/problems/number-of-matching-subsequences,Medium,792,39.3%,https://leetcode.com/articles/number-of-matching-subsequences
https://leetcode.com/problems/word-pattern-ii,Hard,291,39.4%,undefined
https://leetcode.com/problems/preimage-size-of-factorial-zeroes-function,Hard,793,39.4%,https://leetcode.com/articles/preimage-size-of-factorial-zeroes-function
https://leetcode.com/problems/flatten-binary-tree-to-linked-list,Medium,114,39.5%,undefined
https://leetcode.com/problems/longest-increasing-subsequence,Medium,300,39.6%,https://leetcode.com/articles/longest-increasing-subsequence
https://leetcode.com/problems/search-a-2d-matrix-ii,Medium,240,39.6%,https://leetcode.com/articles/search-a-2d-matrix-ii
https://leetcode.com/problems/palindrome-number,Easy,9,39.6%,https://leetcode.com/articles/palindrome-number
https://leetcode.com/problems/guess-the-word,Hard,843,39.6%,https://leetcode.com/articles/guess-the-word
https://leetcode.com/problems/find-pivot-index,Easy,724,39.6%,https://leetcode.com/articles/find-pivot-index
https://leetcode.com/problems/partition-to-k-equal-sum-subsets,Medium,698,39.6%,https://leetcode.com/articles/partition-to-k-equal-sum-subsets
https://leetcode.com/problems/balanced-binary-tree,Easy,110,39.6%,undefined
https://leetcode.com/problems/kth-smallest-number-in-multiplication-table,Hard,668,39.6%,https://leetcode.com/articles/kth-smallest-number-in-multiplication-table
https://leetcode.com/problems/power-of-four,Easy,342,39.7%,undefined
https://leetcode.com/problems/expressive-words,Medium,809,39.7%,https://leetcode.com/articles/expressive-words
https://leetcode.com/problems/super-ugly-number,Medium,313,39.7%,undefined
https://leetcode.com/problems/freedom-trail,Hard,514,39.8%,undefined
https://leetcode.com/problems/split-array-with-equal-sum,Medium,548,39.8%,https://leetcode.com/articles/split-array-with-equal-sum
https://leetcode.com/problems/reorganize-string,Medium,767,39.9%,https://leetcode.com/articles/reorganized-string
https://leetcode.com/problems/largest-number-at-least-twice-of-others,Easy,747,39.9%,https://leetcode.com/articles/largest-number-at-least-twice-of-others
https://leetcode.com/problems/longest-consecutive-sequence,Hard,128,39.9%,https://leetcode.com/articles/longest-consecutive-sequence
https://leetcode.com/problems/paint-house-ii,Hard,265,40.0%,undefined
https://leetcode.com/problems/set-mismatch,Easy,645,40.0%,https://leetcode.com/articles/set-mismatch
https://leetcode.com/problems/advantage-shuffle,Medium,870,40.0%,https://leetcode.com/articles/advantage-shuffle
https://leetcode.com/problems/search-insert-position,Easy,35,40.0%,undefined
https://leetcode.com/problems/valid-square,Medium,593,40.0%,https://leetcode.com/articles/valid-square
https://leetcode.com/problems/fruit-into-baskets,Medium,904,40.0%,https://leetcode.com/articles/fruit-into-baskets
https://leetcode.com/problems/partition-array-into-disjoint-intervals,Medium,915,40.1%,https://leetcode.com/articles/parition-array-into-disjoint-intervals
https://leetcode.com/problems/find-peak-element,Medium,162,40.1%,https://leetcode.com/articles/find-peak-element
https://leetcode.com/problems/24-game,Hard,679,40.1%,https://leetcode.com/articles/24-game
https://leetcode.com/problems/ugly-number,Easy,263,40.1%,undefined
https://leetcode.com/problems/boats-to-save-people,Medium,881,40.1%,https://leetcode.com/articles/boats-to-save-people
https://leetcode.com/problems/trapping-rain-water,Hard,42,40.1%,https://leetcode.com/articles/trapping-rain-water
https://leetcode.com/problems/plus-one,Easy,66,40.1%,undefined
https://leetcode.com/problems/sum-root-to-leaf-numbers,Medium,129,40.1%,undefined
https://leetcode.com/problems/valid-permutations-for-di-sequence,Hard,903,40.1%,https://leetcode.com/articles/valid-permutations-for-di-sequence
https://leetcode.com/problems/container-with-most-water,Medium,11,40.1%,https://leetcode.com/articles/container-with-most-water
https://leetcode.com/problems/reverse-vowels-of-a-string,Easy,345,40.2%,undefined
https://leetcode.com/problems/kth-largest-element-in-a-stream,Easy,703,40.2%,undefined
https://leetcode.com/problems/count-student-number-in-departments,Medium,580,40.2%,https://leetcode.com/articles/count-student-number-in-departments
https://leetcode.com/problems/valid-sudoku,Medium,36,40.2%,undefined
https://leetcode.com/problems/subsets-ii,Medium,90,40.3%,undefined
https://leetcode.com/problems/sort-colors,Medium,75,40.4%,undefined
https://leetcode.com/problems/bold-words-in-string,Easy,758,40.4%,https://leetcode.com/articles/bold-words-in-string
https://leetcode.com/problems/making-a-large-island,Hard,827,40.4%,https://leetcode.com/articles/making-a-large-island
https://leetcode.com/problems/house-robber,Easy,198,40.5%,https://leetcode.com/articles/house-robber
https://leetcode.com/problems/implement-queue-using-stacks,Easy,232,40.5%,https://leetcode.com/articles/implement-queue-using-stacks
https://leetcode.com/problems/subtree-of-another-tree,Easy,572,40.5%,https://leetcode.com/articles/subtree-of-another-tree
https://leetcode.com/problems/split-array-largest-sum,Hard,410,40.5%,https://leetcode.com/articles/split-array-largest-sum
https://leetcode.com/problems/increasing-subsequences,Medium,491,40.5%,undefined
https://leetcode.com/problems/pascals-triangle-ii,Easy,119,40.5%,undefined
https://leetcode.com/problems/number-of-music-playlists,Hard,920,40.6%,https://leetcode.com/articles/number-of-music-playlists
https://leetcode.com/problems/customers-who-never-order,Easy,183,40.6%,https://leetcode.com/articles/customers-who-never-order
https://leetcode.com/problems/binary-search,Easy,704,40.6%,undefined
https://leetcode.com/problems/subarray-sum-equals-k,Medium,560,40.6%,https://leetcode.com/articles/subarray-sum-equals-k
https://leetcode.com/problems/contain-virus,Hard,749,40.6%,https://leetcode.com/articles/contain-virus
https://leetcode.com/problems/number-of-islands-ii,Hard,305,40.6%,https://leetcode.com/articles/number-of-islands-ii
https://leetcode.com/problems/is-graph-bipartite,Medium,785,40.7%,https://leetcode.com/articles/is-graph-bipartite
https://leetcode.com/problems/students-report-by-geography,Hard,618,40.7%,https://leetcode.com/articles/students-report-by-geography
https://leetcode.com/problems/the-maze-ii,Medium,505,40.7%,https://leetcode.com/articles/the-maze-ii
https://leetcode.com/problems/meeting-rooms-ii,Medium,253,40.7%,https://leetcode.com/articles/meeting-rooms-ii
https://leetcode.com/problems/my-calendar-ii,Medium,731,40.8%,https://leetcode.com/articles/my-calendar-ii
https://leetcode.com/problems/optimal-account-balancing,Hard,465,40.8%,undefined
https://leetcode.com/problems/path-sum-iii,Easy,437,40.8%,undefined
https://leetcode.com/problems/game-of-life,Medium,289,40.9%,undefined
https://leetcode.com/problems/number-of-1-bits,Easy,191,40.9%,https://leetcode.com/articles/number-1-bits
https://leetcode.com/problems/insert-delete-getrandom-o1,Medium,380,41.0%,undefined
https://leetcode.com/problems/power-of-three,Easy,326,41.0%,https://leetcode.com/articles/power-of-three
https://leetcode.com/problems/non-overlapping-intervals,Medium,435,41.0%,https://leetcode.com/articles/non-overlapping-intervals
https://leetcode.com/problems/strobogrammatic-number,Easy,246,41.1%,undefined
https://leetcode.com/problems/sentence-similarity-ii,Medium,737,41.2%,https://leetcode.com/articles/sentence-similarity-ii
https://leetcode.com/problems/remove-duplicates-from-sorted-list,Easy,83,41.2%,https://leetcode.com/articles/remove-duplicates-from-sorted-list
https://leetcode.com/problems/next-closest-time,Medium,681,41.2%,https://leetcode.com/articles/next-closest-time
https://leetcode.com/problems/convert-a-number-to-hexadecimal,Easy,405,41.2%,undefined
https://leetcode.com/problems/knight-probability-in-chessboard,Medium,688,41.2%,https://leetcode.com/articles/knight-probability-in-chessboard
https://leetcode.com/problems/power-of-two,Easy,231,41.2%,undefined
https://leetcode.com/problems/monotone-increasing-digits,Medium,738,41.3%,https://leetcode.com/articles/monotone-increasing-digits
https://leetcode.com/problems/number-of-subarrays-with-bounded-maximum,Medium,795,41.3%,https://leetcode.com/articles/number-of-subarrays-with-bounded-maximum
https://leetcode.com/problems/most-common-word,Easy,819,41.4%,https://leetcode.com/articles/most-common-word
https://leetcode.com/problems/shortest-bridge,Medium,934,41.4%,https://leetcode.com/articles/shortest-bridge
https://leetcode.com/problems/find-eventual-safe-states,Medium,802,41.4%,https://leetcode.com/articles/find-eventual-safe-states
https://leetcode.com/problems/parse-lisp-expression,Hard,736,41.5%,https://leetcode.com/articles/parse-lisp-expression
https://leetcode.com/problems/bomb-enemy,Medium,361,41.6%,undefined
https://leetcode.com/problems/swap-nodes-in-pairs,Medium,24,41.6%,undefined
https://leetcode.com/problems/largest-plus-sign,Medium,764,41.6%,https://leetcode.com/articles/largest-plus-sign
https://leetcode.com/problems/masking-personal-information,Medium,831,41.6%,https://leetcode.com/articles/masking-personal-information
https://leetcode.com/problems/find-duplicate-subtrees,Medium,652,41.7%,https://leetcode.com/articles/find-duplicate-subtrees
https://leetcode.com/problems/minimum-area-rectangle,Medium,939,41.7%,https://leetcode.com/articles/minimum-area-rectangle
https://leetcode.com/problems/rectangle-area-ii,Hard,850,41.7%,https://leetcode.com/articles/rectangle-area-ii
https://leetcode.com/problems/maximum-subarray,Easy,53,41.7%,undefined
https://leetcode.com/problems/symmetric-tree,Easy,101,41.8%,https://leetcode.com/articles/symmetric-tree
https://leetcode.com/problems/find-right-interval,Medium,436,41.8%,https://leetcode.com/articles/find-right-interval
https://leetcode.com/problems/find-minimum-in-rotated-sorted-array,Medium,153,41.9%,https://leetcode.com/articles/find-minimum-in-rotated-sorted-array
https://leetcode.com/problems/longest-line-of-consecutive-one-in-matrix,Medium,562,41.9%,https://leetcode.com/articles/longest-line-of-consecutive-one-in-a-matrix
https://leetcode.com/problems/random-pick-with-weight,Medium,528,41.9%,https://leetcode.com/articles/random-pick-with-weight
https://leetcode.com/problems/push-dominoes,Medium,838,41.9%,https://leetcode.com/articles/push-dominoes
https://leetcode.com/problems/longest-harmonious-subsequence,Easy,594,42.0%,https://leetcode.com/articles/longest-harmonious-subsequence
https://leetcode.com/problems/chalkboard-xor-game,Hard,810,42.0%,https://leetcode.com/articles/chalkboard-xor-game
https://leetcode.com/problems/basic-calculator-iii,Hard,772,42.0%,undefined
https://leetcode.com/problems/lowest-common-ancestor-of-a-binary-search-tree,Easy,235,42.1%,undefined
https://leetcode.com/problems/contiguous-array,Medium,525,42.1%,https://leetcode.com/articles/contiguous-array
https://leetcode.com/problems/median-employee-salary,Hard,569,42.1%,https://leetcode.com/articles/median-employee-salary
https://leetcode.com/problems/verify-preorder-sequence-in-binary-search-tree,Medium,255,42.1%,undefined
https://leetcode.com/problems/closest-binary-search-tree-value,Easy,270,42.1%,undefined
https://leetcode.com/problems/data-stream-as-disjoint-intervals,Hard,352,42.1%,undefined
https://leetcode.com/problems/add-strings,Easy,415,42.3%,undefined
https://leetcode.com/problems/largest-sum-of-averages,Medium,813,42.4%,https://leetcode.com/articles/largest-sum-of-averages
https://leetcode.com/problems/climbing-stairs,Easy,70,42.4%,https://leetcode.com/articles/climbing-stairs
https://leetcode.com/problems/find-and-replace-in-string,Medium,833,42.4%,https://leetcode.com/articles/find-and-replace-in-string
https://leetcode.com/problems/open-the-lock,Medium,752,42.4%,https://leetcode.com/articles/open-the-lock
https://leetcode.com/problems/remove-element,Easy,27,42.4%,https://leetcode.com/articles/remove-element
https://leetcode.com/problems/ambiguous-coordinates,Medium,816,42.4%,https://leetcode.com/articles/ambiguous-coordinates
https://leetcode.com/problems/strobogrammatic-number-ii,Medium,247,42.5%,undefined
https://leetcode.com/problems/group-anagrams,Medium,49,42.5%,https://leetcode.com/articles/group-anagrams
https://leetcode.com/problems/longest-word-in-dictionary,Easy,720,42.5%,https://leetcode.com/articles/longest-word-in-dictionary
https://leetcode.com/problems/closest-binary-search-tree-value-ii,Hard,272,42.5%,undefined
https://leetcode.com/problems/length-of-longest-fibonacci-subsequence,Medium,873,42.6%,https://leetcode.com/articles/length-of-longest-fibonacci-subsequence
https://leetcode.com/problems/friend-requests-ii-who-has-the-most-friends,Medium,602,42.6%,https://leetcode.com/articles/friend-requests-ii-who-has-most-friend
https://leetcode.com/problems/koko-eating-bananas,Medium,875,42.6%,https://leetcode.com/articles/koko-eating-bananas
https://leetcode.com/problems/flatten-2d-vector,Medium,251,42.7%,undefined
https://leetcode.com/problems/second-minimum-node-in-a-binary-tree,Easy,671,42.7%,https://leetcode.com/articles/second-minimum-node-in-a-binary-tree
https://leetcode.com/problems/maximum-sum-of-3-non-overlapping-subarrays,Hard,689,42.7%,https://leetcode.com/articles/maximum-sum-of-3-non-overlapping-intervals
https://leetcode.com/problems/decode-string,Medium,394,42.7%,undefined
https://leetcode.com/problems/employees-earning-more-than-their-managers,Easy,181,42.8%,https://leetcode.com/articles/employees-earning-more-than-their-managers
https://leetcode.com/problems/binary-tree-longest-consecutive-sequence,Medium,298,42.8%,https://leetcode.com/articles/binary-tree-longest-consecutive-sequence
https://leetcode.com/problems/basic-calculator-iv,Hard,770,42.8%,https://leetcode.com/articles/basic-calculator-iv
https://leetcode.com/problems/implement-rand10-using-rand7,Medium,470,42.9%,https://leetcode.com/articles/implement-rand10-using-rand7
https://leetcode.com/problems/pascals-triangle,Easy,118,42.9%,https://leetcode.com/articles/pascals-triangle
https://leetcode.com/problems/best-time-to-buy-and-sell-stock-with-cooldown,Medium,309,42.9%,undefined
https://leetcode.com/problems/elimination-game,Medium,390,42.9%,undefined
https://leetcode.com/problems/find-smallest-letter-greater-than-target,Easy,744,42.9%,https://leetcode.com/articles/find-smallest-letter-greater-than-target
https://leetcode.com/problems/longest-repeating-character-replacement,Medium,424,43.0%,undefined
https://leetcode.com/problems/task-scheduler,Medium,621,43.1%,https://leetcode.com/articles/task-scheduler
https://leetcode.com/problems/longest-continuous-increasing-subsequence,Easy,674,43.1%,https://leetcode.com/articles/longest-continuous-increasing-subsequence
https://leetcode.com/problems/word-squares,Hard,425,43.1%,undefined
https://leetcode.com/problems/word-subsets,Medium,916,43.1%,https://leetcode.com/articles/word-subsets
https://leetcode.com/problems/construct-binary-tree-from-string,Medium,536,43.1%,undefined
https://leetcode.com/problems/binary-tree-longest-consecutive-sequence-ii,Medium,549,43.1%,https://leetcode.com/articles/binary-tree-longest-consecutive-sequence-ii
https://leetcode.com/problems/valid-triangle-number,Medium,611,43.2%,https://leetcode.com/articles/valid-triangle-number
https://leetcode.com/problems/maximum-length-of-repeated-subarray,Medium,718,43.2%,https://leetcode.com/articles/maximum-length-of-repeated-subarray
https://leetcode.com/problems/happy-number,Easy,202,43.2%,undefined
https://leetcode.com/problems/top-k-frequent-words,Medium,692,43.3%,https://leetcode.com/articles/top-k-frequent-words
https://leetcode.com/problems/cracking-the-safe,Hard,753,43.3%,https://leetcode.com/articles/cracking-the-safe
https://leetcode.com/problems/backspace-string-compare,Easy,844,43.4%,https://leetcode.com/articles/backspace-string-compare
https://leetcode.com/problems/orderly-queue,Hard,899,43.4%,https://leetcode.com/articles/orderly-queue
https://leetcode.com/problems/all-nodes-distance-k-in-binary-tree,Medium,863,43.4%,https://leetcode.com/articles/all-nodes-distance-k-in-binary-tree
https://leetcode.com/problems/bulb-switcher,Medium,319,43.4%,undefined
https://leetcode.com/problems/combination-sum-iv,Medium,377,43.5%,undefined
https://leetcode.com/problems/online-election,Medium,911,43.5%,https://leetcode.com/articles/online-election
https://leetcode.com/problems/3sum-smaller,Medium,259,43.5%,https://leetcode.com/articles/3sum-smaller
https://leetcode.com/problems/number-of-atoms,Hard,726,43.5%,https://leetcode.com/articles/number-of-atoms
https://leetcode.com/problems/lexicographical-numbers,Medium,386,43.6%,undefined
https://leetcode.com/problems/factor-combinations,Medium,254,43.7%,undefined
https://leetcode.com/problems/shortest-path-visiting-all-nodes,Hard,847,43.7%,https://leetcode.com/articles/shortest-path-visiting-all-nodes
https://leetcode.com/problems/binary-tree-paths,Easy,257,43.8%,https://leetcode.com/articles/binary-tree-paths
https://leetcode.com/problems/maximum-size-subarray-sum-equals-k,Medium,325,43.8%,undefined
https://leetcode.com/problems/minimum-path-sum,Medium,64,43.9%,https://leetcode.com/articles/minimum-path-sum
https://leetcode.com/problems/spiral-matrix-ii,Medium,59,43.9%,undefined
https://leetcode.com/problems/unique-binary-search-trees,Medium,96,43.9%,https://leetcode.com/articles/unique-binary-search-trees
https://leetcode.com/problems/encode-string-with-shortest-length,Hard,471,43.9%,undefined
https://leetcode.com/problems/kth-largest-element-in-an-array,Medium,215,43.9%,undefined
https://leetcode.com/problems/number-of-distinct-islands-ii,Hard,711,43.9%,https://leetcode.com/articles/number-of-distinct-islands-ii
https://leetcode.com/problems/poor-pigs,Easy,458,44.0%,undefined
https://leetcode.com/problems/base-7,Easy,504,44.0%,undefined
https://leetcode.com/problems/merge-two-sorted-lists,Easy,21,44.0%,https://leetcode.com/articles/merged-two-sorted-lists
https://leetcode.com/problems/longest-word-in-dictionary-through-deleting,Medium,524,44.0%,https://leetcode.com/articles/longest-word-in-dictionary-through-deletion
https://leetcode.com/problems/gray-code,Medium,89,44.0%,undefined
https://leetcode.com/problems/flip-string-to-monotone-increasing,Medium,926,44.1%,https://leetcode.com/articles/flip-string-to-monotone-increasing
https://leetcode.com/problems/longest-palindromic-subsequence,Medium,516,44.1%,undefined
https://leetcode.com/problems/shortest-word-distance-ii,Medium,244,44.1%,undefined
https://leetcode.com/problems/long-pressed-name,Easy,925,44.2%,https://leetcode.com/articles/long-pressed-name
https://leetcode.com/problems/rectangle-overlap,Easy,836,44.2%,https://leetcode.com/articles/rectangle-overlap
https://leetcode.com/problems/diagonal-traverse,Medium,498,44.2%,undefined
https://leetcode.com/problems/max-chunks-to-make-sorted-ii,Hard,768,44.2%,https://leetcode.com/articles/max-chunks-to-make-sorted-ii
https://leetcode.com/problems/serialize-and-deserialize-bst,Medium,449,44.3%,undefined
https://leetcode.com/problems/single-number-ii,Medium,137,44.3%,undefined
https://leetcode.com/problems/target-sum,Medium,494,44.3%,https://leetcode.com/articles/target-sum
https://leetcode.com/problems/search-in-a-sorted-array-of-unknown-size,Medium,702,44.3%,undefined
https://leetcode.com/problems/delete-and-earn,Medium,740,44.3%,https://leetcode.com/articles/delete-and-earn
https://leetcode.com/problems/online-stock-span,Medium,901,44.3%,https://leetcode.com/articles/online-stock-span
https://leetcode.com/problems/convert-binary-search-tree-to-sorted-doubly-linked-list,Medium,426,44.3%,undefined
https://leetcode.com/problems/combinations,Medium,77,44.3%,undefined
https://leetcode.com/problems/smallest-range,Hard,632,44.4%,https://leetcode.com/articles/smallest-range
https://leetcode.com/problems/binary-tree-level-order-traversal-ii,Easy,107,44.4%,undefined
https://leetcode.com/problems/reverse-string-ii,Easy,541,44.4%,https://leetcode.com/articles/reverse-string-ii
https://leetcode.com/problems/short-encoding-of-words,Medium,820,44.5%,https://leetcode.com/articles/short-encoding-of-words
https://leetcode.com/problems/investments-in-2016,Medium,585,44.5%,https://leetcode.com/articles/investments-in-2016
https://leetcode.com/problems/longest-substring-with-at-most-two-distinct-characters,Hard,159,44.5%,undefined
https://leetcode.com/problems/min-cost-climbing-stairs,Easy,746,44.6%,https://leetcode.com/articles/min-cost-climbing-stairs
https://leetcode.com/problems/rle-iterator,Medium,900,44.6%,https://leetcode.com/articles/rle-iterator
https://leetcode.com/problems/design-hashset,Easy,705,44.6%,undefined
https://leetcode.com/problems/evaluate-division,Medium,399,44.6%,undefined
https://leetcode.com/problems/combination-sum,Medium,39,44.7%,undefined
https://leetcode.com/problems/binary-watch,Easy,401,44.8%,undefined
https://leetcode.com/problems/delete-operation-for-two-strings,Medium,583,44.8%,https://leetcode.com/articles/delete-operation-for-two-strings
https://leetcode.com/problems/my-calendar-i,Medium,729,44.9%,https://leetcode.com/articles/my-calendar-i
https://leetcode.com/problems/android-unlock-patterns,Medium,351,44.9%,https://leetcode.com/articles/android-unlock-patterns
https://leetcode.com/problems/reconstruct-original-digits-from-english,Medium,423,44.9%,undefined
https://leetcode.com/problems/rotate-image,Medium,48,44.9%,undefined
https://leetcode.com/problems/maximum-product-of-three-numbers,Easy,628,45.0%,https://leetcode.com/articles/maximmum-product-of-three-numbers
https://leetcode.com/problems/best-time-to-buy-and-sell-stock,Easy,121,45.0%,https://leetcode.com/articles/best-time-to-buy-and-sell-stock
https://leetcode.com/problems/minimum-number-of-arrows-to-burst-balloons,Medium,452,45.0%,undefined
https://leetcode.com/problems/student-attendance-record-i,Easy,551,45.0%,https://leetcode.com/articles/student-attendance-record-i
https://leetcode.com/problems/unique-paths,Medium,62,45.1%,undefined
https://leetcode.com/problems/burst-balloons,Hard,312,45.1%,undefined
https://leetcode.com/problems/the-maze,Medium,490,45.1%,https://leetcode.com/articles/the-maze
https://leetcode.com/problems/swim-in-rising-water,Hard,778,45.1%,https://leetcode.com/articles/swim-in-rising-water
https://leetcode.com/problems/binary-search-tree-iterator,Medium,173,45.2%,undefined
https://leetcode.com/problems/binary-tree-right-side-view,Medium,199,45.2%,https://leetcode.com/articles/binary-tree-right-side-view
https://leetcode.com/problems/minimum-cost-to-hire-k-workers,Hard,857,45.2%,https://leetcode.com/articles/minimum-cost-to-hire-k-workers
https://leetcode.com/problems/loud-and-rich,Medium,851,45.2%,https://leetcode.com/articles/loud-and-rich
https://leetcode.com/problems/binary-tree-postorder-traversal,Hard,145,45.3%,https://leetcode.com/articles/binary-tree-postorder-transversal
https://leetcode.com/problems/find-median-given-frequency-of-numbers,Hard,571,45.3%,undefined
https://leetcode.com/problems/flatten-nested-list-iterator,Medium,341,45.3%,undefined
https://leetcode.com/problems/is-subsequence,Medium,392,45.4%,undefined
https://leetcode.com/problems/diameter-of-binary-tree,Easy,543,45.4%,https://leetcode.com/articles/diameter-of-binary-tree
https://leetcode.com/problems/binary-tree-level-order-traversal,Medium,102,45.5%,undefined
https://leetcode.com/problems/intersection-of-two-arrays-ii,Easy,350,45.5%,undefined
https://leetcode.com/problems/magical-string,Medium,481,45.5%,undefined
https://leetcode.com/problems/word-abbreviation,Hard,527,45.7%,https://leetcode.com/articles/word-abbreviation
https://leetcode.com/problems/lonely-pixel-ii,Medium,533,45.7%,undefined
https://leetcode.com/problems/beautiful-array,Medium,932,45.7%,https://leetcode.com/articles/beautiful-array
https://leetcode.com/problems/max-consecutive-ones-ii,Medium,487,45.8%,undefined
https://leetcode.com/problems/sort-transformed-array,Medium,360,45.9%,undefined
https://leetcode.com/problems/2-keys-keyboard,Medium,650,45.9%,https://leetcode.com/articles/2-keys-keyboard
https://leetcode.com/problems/predict-the-winner,Medium,486,46.0%,https://leetcode.com/articles/predict-the-winner
https://leetcode.com/problems/hand-of-straights,Medium,846,46.1%,https://leetcode.com/articles/hand-of-straights
https://leetcode.com/problems/fraction-addition-and-subtraction,Medium,592,46.2%,https://leetcode.com/articles/kill-process-3
https://leetcode.com/problems/count-numbers-with-unique-digits,Medium,357,46.2%,undefined
https://leetcode.com/problems/house-robber-iii,Medium,337,46.2%,undefined
https://leetcode.com/problems/positions-of-large-groups,Easy,830,46.3%,https://leetcode.com/articles/positions-of-large-groups
https://leetcode.com/problems/count-univalue-subtrees,Medium,250,46.4%,undefined
https://leetcode.com/problems/binary-tree-tilt,Easy,563,46.4%,https://leetcode.com/articles/binary-tree-tilt
https://leetcode.com/problems/exclusive-time-of-functions,Medium,636,46.5%,https://leetcode.com/articles/exclusive-time-of-functions
https://leetcode.com/problems/missing-number,Easy,268,46.6%,https://leetcode.com/articles/missing-number
https://leetcode.com/problems/shopping-offers,Medium,638,46.6%,https://leetcode.com/articles/shopping-offers
https://leetcode.com/problems/combine-two-tables,Easy,175,46.6%,https://leetcode.com/articles/combine-two-tables
https://leetcode.com/problems/add-one-row-to-tree,Medium,623,46.6%,https://leetcode.com/articles/add-one-row-in-a-tree
https://leetcode.com/problems/minimum-index-sum-of-two-lists,Easy,599,46.6%,https://leetcode.com/articles/minimum-index-sum-of-two-lists
https://leetcode.com/problems/minimum-time-difference,Medium,539,46.6%,undefined
https://leetcode.com/problems/longest-palindrome,Easy,409,46.7%,https://leetcode.com/articles/longest-palindrome
https://leetcode.com/problems/find-the-duplicate-number,Medium,287,46.7%,https://leetcode.com/articles/find-the-duplicate-number
https://leetcode.com/problems/group-shifted-strings,Medium,249,46.8%,undefined
https://leetcode.com/problems/integer-break,Medium,343,46.8%,undefined
https://leetcode.com/problems/kth-smallest-element-in-a-sorted-matrix,Medium,378,46.9%,undefined
https://leetcode.com/problems/odd-even-linked-list,Medium,328,47.0%,https://leetcode.com/articles/odd-even-linked-list
https://leetcode.com/problems/maximum-product-of-word-lengths,Medium,318,47.0%,undefined
https://leetcode.com/problems/brick-wall,Medium,554,47.0%,https://leetcode.com/articles/brick-wall
https://leetcode.com/problems/special-binary-string,Hard,761,47.1%,https://leetcode.com/articles/special-binary-string
https://leetcode.com/problems/walls-and-gates,Medium,286,47.2%,https://leetcode.com/articles/walls-and-gates
https://leetcode.com/problems/image-smoother,Easy,661,47.3%,https://leetcode.com/articles/image-smoother
https://leetcode.com/problems/relative-ranks,Easy,506,47.3%,undefined
https://leetcode.com/problems/random-pick-index,Medium,398,47.3%,undefined
https://leetcode.com/problems/flip-game-ii,Medium,294,47.3%,undefined
https://leetcode.com/problems/design-tic-tac-toe,Medium,348,47.3%,undefined
https://leetcode.com/problems/generalized-abbreviation,Medium,320,47.4%,https://leetcode.com/articles/generalized-abbreviation
https://leetcode.com/problems/maximum-length-of-pair-chain,Medium,646,47.4%,https://leetcode.com/articles/maximum-length-of-pair-chain
https://leetcode.com/problems/paint-house,Easy,256,47.4%,undefined
https://leetcode.com/problems/convert-sorted-array-to-binary-search-tree,Easy,108,47.5%,undefined
https://leetcode.com/problems/assign-cookies,Easy,455,47.6%,undefined
https://leetcode.com/problems/number-of-distinct-islands,Medium,694,47.7%,https://leetcode.com/articles/number-of-distinct-islands
https://leetcode.com/problems/degree-of-an-array,Easy,697,47.8%,https://leetcode.com/articles/degree-of-an-array
https://leetcode.com/problems/split-linked-list-in-parts,Medium,725,47.8%,https://leetcode.com/articles/split-linked-list-in-parts
https://leetcode.com/problems/smallest-rectangle-enclosing-black-pixels,Hard,302,47.8%,https://leetcode.com/articles/smallest-rectangle-enclosing-black-pixels
https://leetcode.com/problems/first-unique-character-in-a-string,Easy,387,47.9%,undefined
https://leetcode.com/problems/different-ways-to-add-parentheses,Medium,241,47.9%,undefined
https://leetcode.com/problems/redundant-connection,Medium,684,47.9%,https://leetcode.com/articles/redundant-connection
https://leetcode.com/problems/add-two-numbers-ii,Medium,445,47.9%,undefined
https://leetcode.com/problems/image-overlap,Medium,835,48.0%,https://leetcode.com/articles/image-overlap
https://leetcode.com/problems/design-circular-deque,Medium,641,48.0%,undefined
https://leetcode.com/problems/two-sum-ii-input-array-is-sorted,Easy,167,48.0%,https://leetcode.com/articles/two-sum-ii-input-array-is-sorted
https://leetcode.com/problems/total-hamming-distance,Medium,477,48.0%,https://leetcode.com/articles/total-hamming-distance
https://leetcode.com/problems/construct-the-rectangle,Easy,492,48.0%,undefined
https://leetcode.com/problems/maximum-frequency-stack,Hard,895,48.0%,https://leetcode.com/articles/maximum-frequency-stack
https://leetcode.com/problems/sliding-puzzle,Hard,773,48.0%,https://leetcode.com/articles/sliding-puzzle
https://leetcode.com/problems/reordered-power-of-2,Medium,869,48.1%,https://leetcode.com/articles/reordered-power-of-2
https://leetcode.com/problems/range-addition-ii,Easy,598,48.1%,https://leetcode.com/articles/range-addition-ii
https://leetcode.com/problems/sum-of-left-leaves,Easy,404,48.1%,undefined
https://leetcode.com/problems/linked-list-random-node,Medium,382,48.2%,undefined
https://leetcode.com/problems/number-of-boomerangs,Easy,447,48.2%,undefined
https://leetcode.com/problems/pyramid-transition-matrix,Medium,756,48.2%,https://leetcode.com/articles/pyramid-transition-matrix
https://leetcode.com/problems/kth-smallest-element-in-a-bst,Medium,230,48.3%,undefined
https://leetcode.com/problems/best-time-to-buy-and-sell-stock-with-transaction-fee,Medium,714,48.3%,https://leetcode.com/articles/best-time-to-buy-and-sell-stock-with-transaction-fee
https://leetcode.com/problems/integer-to-roman,Medium,12,48.4%,undefined
https://leetcode.com/problems/binary-tree-upside-down,Medium,156,48.4%,undefined
https://leetcode.com/problems/serialize-and-deserialize-n-ary-tree,Hard,428,48.4%,undefined
https://leetcode.com/problems/flood-fill,Easy,733,48.5%,https://leetcode.com/articles/flood-fill
https://leetcode.com/problems/shuffle-an-array,Medium,384,48.6%,https://leetcode.com/articles/shuffle-an-array
https://leetcode.com/problems/1-bit-and-2-bit-characters,Easy,717,48.6%,https://leetcode.com/articles/1-bit-and-2-bit-characters
https://leetcode.com/problems/minimum-moves-to-equal-array-elements,Easy,453,48.6%,https://leetcode.com/articles/minimum-moves-to-equal-array-elements
https://leetcode.com/problems/rotate-string,Easy,796,48.6%,https://leetcode.com/articles/rotate-string
https://leetcode.com/problems/ransom-note,Easy,383,48.7%,undefined
https://leetcode.com/problems/minimum-absolute-difference-in-bst,Easy,530,48.7%,undefined
https://leetcode.com/problems/same-tree,Easy,100,48.7%,undefined
https://leetcode.com/problems/minimum-distance-between-bst-nodes,Easy,783,48.7%,https://leetcode.com/articles/minimum-distance-between-bst-nodes
https://leetcode.com/problems/4sum-ii,Medium,454,48.8%,undefined
https://leetcode.com/problems/subsets,Medium,78,48.8%,undefined
https://leetcode.com/problems/next-greater-element-ii,Medium,503,48.9%,https://leetcode.com/articles/next-greater-element-ii
https://leetcode.com/problems/convert-bst-to-greater-tree,Easy,538,49.0%,https://leetcode.com/articles/convert-bst-to-greater-tree
https://leetcode.com/problems/binary-tree-preorder-traversal,Medium,144,49.1%,https://leetcode.com/articles/binary-tree-preorder-transversal
https://leetcode.com/problems/couples-holding-hands,Hard,765,49.1%,https://leetcode.com/articles/couples-holding-hands
https://leetcode.com/problems/bulb-switcher-ii,Medium,672,49.3%,https://leetcode.com/articles/bulb-switcher-ii
https://leetcode.com/problems/combination-sum-iii,Medium,216,49.3%,undefined
https://leetcode.com/problems/n-queens-ii,Hard,52,49.3%,undefined
https://leetcode.com/problems/print-binary-tree,Medium,655,49.4%,https://leetcode.com/articles/print-binary-tree
https://leetcode.com/problems/lemonade-change,Easy,860,49.4%,https://leetcode.com/articles/lemonade-change
https://leetcode.com/problems/contains-duplicate,Easy,217,49.5%,https://leetcode.com/articles/contains-duplicate
https://leetcode.com/problems/replace-words,Medium,648,49.5%,https://leetcode.com/articles/replace-words
https://leetcode.com/problems/valid-anagram,Easy,242,49.5%,https://leetcode.com/articles/valid-anagram
https://leetcode.com/problems/maximum-xor-of-two-numbers-in-an-array,Medium,421,49.6%,undefined
https://leetcode.com/problems/max-chunks-to-make-sorted,Medium,769,49.6%,https://leetcode.com/articles/max-chunks-to-make-sorted-i
https://leetcode.com/problems/construct-quad-tree,Easy,427,49.7%,undefined
https://leetcode.com/problems/4-keys-keyboard,Medium,651,49.7%,https://leetcode.com/articles/4-keys-keyboard
https://leetcode.com/problems/best-time-to-buy-and-sell-stock-ii,Easy,122,49.8%,https://leetcode.com/articles/best-time-to-buy-and-sell-stock-ii
https://leetcode.com/problems/rabbits-in-forest,Medium,781,49.8%,https://leetcode.com/articles/rabbits-in-forest
https://leetcode.com/problems/implement-magic-dictionary,Medium,676,49.8%,https://leetcode.com/articles/implement-magic-dictionary
https://leetcode.com/problems/exchange-seats,Medium,626,49.9%,https://leetcode.com/articles/exchange-seats
https://leetcode.com/problems/design-hashmap,Easy,706,49.9%,undefined
https://leetcode.com/problems/duplicate-emails,Easy,182,50.1%,https://leetcode.com/articles/duplicate-emails
https://leetcode.com/problems/excel-sheet-column-number,Easy,171,50.1%,undefined
https://leetcode.com/problems/roman-to-integer,Easy,13,50.1%,undefined
https://leetcode.com/problems/majority-element,Easy,169,50.2%,https://leetcode.com/articles/majority-element
https://leetcode.com/problems/mirror-reflection,Medium,858,50.2%,https://leetcode.com/articles/mirror-reflection
https://leetcode.com/problems/delete-node-in-a-linked-list,Easy,237,50.2%,https://leetcode.com/articles/delete-node-linked-list
https://leetcode.com/problems/number-of-connected-components-in-an-undirected-graph,Medium,323,50.2%,undefined
https://leetcode.com/problems/meeting-rooms,Easy,252,50.3%,https://leetcode.com/articles/meeting-rooms
https://leetcode.com/problems/remove-9,Hard,660,50.4%,https://leetcode.com/articles/remove-9
https://leetcode.com/problems/array-nesting,Medium,565,50.5%,https://leetcode.com/articles/array-nesting
https://leetcode.com/problems/construct-string-from-binary-tree,Easy,606,50.5%,https://leetcode.com/articles/construct-string-from-binary-tree
https://leetcode.com/problems/reverse-linked-list,Easy,206,50.6%,https://leetcode.com/articles/reverse-linked-list
https://leetcode.com/problems/minesweeper,Medium,529,50.6%,undefined
https://leetcode.com/problems/split-bst,Medium,776,50.7%,https://leetcode.com/articles/split-bst
https://leetcode.com/problems/map-sum-pairs,Medium,677,50.7%,https://leetcode.com/articles/map-sum-pairs
https://leetcode.com/problems/intersection-of-two-arrays,Easy,349,50.9%,undefined
https://leetcode.com/problems/beautiful-arrangement-ii,Medium,667,50.9%,https://leetcode.com/articles/beautiful-arrangement-ii
https://leetcode.com/problems/design-log-storage-system,Medium,635,51.0%,https://leetcode.com/articles/design-log-storage
https://leetcode.com/problems/friend-circles,Medium,547,51.0%,https://leetcode.com/articles/friend-circles
https://leetcode.com/problems/path-sum-iv,Medium,666,51.0%,https://leetcode.com/articles/path-sum-iv
https://leetcode.com/problems/sum-of-two-integers,Easy,371,51.1%,undefined
https://leetcode.com/problems/two-sum-iv-input-is-a-bst,Easy,653,51.1%,https://leetcode.com/articles/two-sum-iv
https://leetcode.com/problems/shortest-distance-in-a-plane,Medium,612,51.1%,https://leetcode.com/articles/shortest-distance-in-a-plane
https://leetcode.com/problems/my-calendar-iii,Hard,732,51.2%,https://leetcode.com/articles/my-calendar-iii
https://leetcode.com/problems/generate-parentheses,Medium,22,51.2%,https://leetcode.com/articles/generate-parentheses
https://leetcode.com/problems/permutations,Medium,46,51.3%,undefined
https://leetcode.com/problems/rotated-digits,Easy,788,51.4%,https://leetcode.com/articles/rotated-digits
https://leetcode.com/problems/teemo-attacking,Medium,495,51.5%,undefined
https://leetcode.com/problems/sales-person,Easy,607,51.5%,https://leetcode.com/articles/sales-person
https://leetcode.com/problems/count-binary-substrings,Easy,696,51.5%,https://leetcode.com/articles/count-binary-substrings
https://leetcode.com/problems/top-k-frequent-elements,Medium,347,51.6%,undefined
https://leetcode.com/problems/find-all-numbers-disappeared-in-an-array,Easy,448,51.7%,undefined
https://leetcode.com/problems/detect-capital,Easy,520,51.9%,undefined
https://leetcode.com/problems/minimum-moves-to-equal-array-elements-ii,Medium,462,52.0%,https://leetcode.com/articles/minimum-moves-to-equal-array-elements-ii
https://leetcode.com/problems/linked-list-components,Medium,817,52.1%,https://leetcode.com/articles/linked-list-components
https://leetcode.com/problems/find-the-difference,Easy,389,52.1%,undefined
https://leetcode.com/problems/shortest-word-distance-iii,Medium,245,52.1%,undefined
https://leetcode.com/problems/employee-importance,Easy,690,52.1%,https://leetcode.com/articles/employee-importance
https://leetcode.com/problems/ternary-expression-parser,Medium,439,52.2%,undefined
https://leetcode.com/problems/squirrel-simulation,Medium,573,52.4%,https://leetcode.com/articles/squirrel-simulation
https://leetcode.com/problems/product-of-array-except-self,Medium,238,52.5%,undefined
https://leetcode.com/problems/minimum-ascii-delete-sum-for-two-strings,Medium,712,52.5%,https://leetcode.com/articles/minimum-ascii-delete-sum-for-two-strings
https://leetcode.com/problems/shortest-completing-word,Easy,748,52.7%,https://leetcode.com/articles/shortest-completing-word
https://leetcode.com/problems/move-zeroes,Easy,283,52.7%,https://leetcode.com/articles/move-zeroes
https://leetcode.com/problems/add-digits,Easy,258,52.9%,undefined
https://leetcode.com/problems/most-frequent-subtree-sum,Medium,508,53.0%,undefined
https://leetcode.com/problems/beautiful-arrangement,Medium,526,53.0%,https://leetcode.com/articles/beautiful-arrangement
https://leetcode.com/problems/smallest-subtree-with-all-the-deepest-nodes,Medium,865,53.2%,https://leetcode.com/articles/smallest-subtree-with-all-the-deepest-nodes
https://leetcode.com/problems/binary-tree-inorder-traversal,Medium,94,53.2%,https://leetcode.com/articles/binary-tree-inorder-traversal
https://leetcode.com/problems/best-meeting-point,Hard,296,53.3%,https://leetcode.com/articles/best-meeting-point
https://leetcode.com/problems/find-duplicate-file-in-system,Medium,609,53.3%,https://leetcode.com/articles/find-duplicate
https://leetcode.com/problems/escape-the-ghosts,Medium,789,53.4%,https://leetcode.com/articles/escape-the-ghosts
https://leetcode.com/problems/complete-binary-tree-inserter,Medium,919,53.6%,https://leetcode.com/articles/complete-binary-tree-inserter
https://leetcode.com/problems/score-of-parentheses,Medium,856,53.6%,https://leetcode.com/articles/score-of-parentheses
https://leetcode.com/problems/sort-characters-by-frequency,Medium,451,53.6%,undefined
https://leetcode.com/problems/letter-case-permutation,Easy,784,53.7%,https://leetcode.com/articles/letter-case-permutation
https://leetcode.com/problems/kill-process,Medium,582,53.7%,https://leetcode.com/articles/kill-process
https://leetcode.com/problems/fair-candy-swap,Easy,888,53.7%,https://leetcode.com/articles/fair-candy-swap
https://leetcode.com/problems/largest-triangle-area,Easy,812,53.8%,https://leetcode.com/articles/largest-triangle-area
https://leetcode.com/problems/max-consecutive-ones,Easy,485,53.9%,undefined
https://leetcode.com/problems/employee-bonus,Easy,577,54.1%,https://leetcode.com/articles/employee-bonus
https://leetcode.com/problems/max-area-of-island,Medium,695,54.1%,https://leetcode.com/articles/max-area-of-island
https://leetcode.com/problems/monotonic-array,Easy,896,54.1%,https://leetcode.com/articles/monotonic-array
https://leetcode.com/problems/encode-n-ary-tree-to-binary-tree,Hard,431,54.3%,undefined
https://leetcode.com/problems/sparse-matrix-multiplication,Medium,311,54.3%,undefined
https://leetcode.com/problems/ip-to-cidr,Easy,751,54.5%,https://leetcode.com/articles/ip-to-cidr
https://leetcode.com/problems/surface-area-of-3d-shapes,Easy,892,54.5%,https://leetcode.com/articles/surface-area-of-3d-shapes
https://leetcode.com/problems/zigzag-iterator,Medium,281,54.5%,undefined
https://leetcode.com/problems/arithmetic-slices,Medium,413,54.6%,https://leetcode.com/articles/arithmetic-slices
https://leetcode.com/problems/palindromic-substrings,Medium,647,54.6%,https://leetcode.com/articles/palindromic-substrings
https://leetcode.com/problems/consecutive-available-seats,Easy,603,54.7%,https://leetcode.com/articles/consecutive-available-seats
https://leetcode.com/problems/tree-node,Medium,608,54.9%,https://leetcode.com/articles/tree-node
https://leetcode.com/problems/optimal-division,Medium,553,55.0%,https://leetcode.com/articles/optimal-division
https://leetcode.com/problems/plus-one-linked-list,Medium,369,55.0%,undefined
https://leetcode.com/problems/single-number-iii,Medium,260,55.1%,undefined
https://leetcode.com/problems/shortest-word-distance,Easy,243,55.2%,https://leetcode.com/articles/shortest-word-distance
https://leetcode.com/problems/goat-latin,Easy,824,55.3%,https://leetcode.com/articles/goat-latin
https://leetcode.com/problems/nim-game,Easy,292,55.4%,https://leetcode.com/articles/nim-game
https://leetcode.com/problems/nested-list-weight-sum-ii,Medium,364,55.4%,undefined
https://leetcode.com/problems/minimum-falling-path-sum,Medium,931,55.5%,https://leetcode.com/articles/minimum-path-falling-sum
https://leetcode.com/problems/reorder-log-files,Easy,937,55.7%,https://leetcode.com/articles/reorder-log-files
https://leetcode.com/problems/invert-binary-tree,Easy,226,55.7%,https://leetcode.com/articles/invert-binary-tree
https://leetcode.com/problems/construct-binary-tree-from-preorder-and-postorder-traversal,Medium,889,55.7%,https://leetcode.com/articles/construct-binary-tree-from-preorder-and-postorder-
https://leetcode.com/problems/longest-uncommon-subsequence-i,Easy,521,55.8%,https://leetcode.com/articles/longest-uncommon-subsequence-i
https://leetcode.com/problems/find-permutation,Medium,484,56.2%,https://leetcode.com/articles/find-permutation
https://leetcode.com/problems/reverse-only-letters,Easy,917,56.2%,https://leetcode.com/articles/reverse-only-letters
https://leetcode.com/problems/single-element-in-a-sorted-array,Medium,540,56.3%,undefined
https://leetcode.com/problems/n-ary-tree-level-order-traversal,Easy,429,56.3%,undefined
https://leetcode.com/problems/prime-number-of-set-bits-in-binary-representation,Easy,762,56.4%,https://leetcode.com/articles/prime-number-of-set-bits-in-binary-representation
https://leetcode.com/problems/employee-free-time,Hard,759,56.4%,https://leetcode.com/articles/employee-free-time
https://leetcode.com/problems/find-largest-value-in-each-tree-row,Medium,515,56.4%,undefined
https://leetcode.com/problems/similar-rgb-color,Easy,800,56.5%,https://leetcode.com/articles/similar-rgb-color
https://leetcode.com/problems/daily-temperatures,Medium,739,56.6%,https://leetcode.com/articles/daily-temperatures
https://leetcode.com/problems/lonely-pixel-i,Medium,531,56.7%,undefined
https://leetcode.com/problems/design-hit-counter,Medium,362,56.8%,undefined
https://leetcode.com/problems/binary-number-with-alternating-bits,Easy,693,56.9%,https://leetcode.com/articles/binary-number-with-alternating-bits
https://leetcode.com/problems/average-of-levels-in-binary-tree,Easy,637,57.0%,https://leetcode.com/articles/average-of-levels
https://leetcode.com/problems/find-bottom-left-tree-value,Medium,513,57.1%,undefined
https://leetcode.com/problems/queue-reconstruction-by-height,Medium,406,57.5%,undefined
https://leetcode.com/problems/next-greater-element-i,Easy,496,57.5%,https://leetcode.com/articles/greater-element-i
https://leetcode.com/problems/single-number,Easy,136,57.6%,https://leetcode.com/articles/single-number
https://leetcode.com/problems/maximum-depth-of-binary-tree,Easy,104,57.7%,https://leetcode.com/articles/maximum-depth-of-binary-tree
https://leetcode.com/problems/keys-and-rooms,Medium,841,57.7%,https://leetcode.com/articles/keys-and-rooms
https://leetcode.com/problems/reshape-the-matrix,Easy,566,58.0%,https://leetcode.com/articles/reshape-the-matrix
https://leetcode.com/problems/flip-game,Easy,293,58.0%,undefined
https://leetcode.com/problems/fizz-buzz,Easy,412,58.1%,https://leetcode.com/articles/fizz-buzz
https://leetcode.com/problems/robot-room-cleaner,Hard,489,58.2%,undefined
https://leetcode.com/problems/increasing-order-search-tree,Easy,897,58.3%,https://leetcode.com/articles/increasing-order-search-tree
https://leetcode.com/problems/candy-crush,Medium,723,58.4%,https://leetcode.com/articles/candy-crush
https://leetcode.com/problems/distribute-candies,Easy,575,58.5%,https://leetcode.com/articles/distribute-candies
https://leetcode.com/problems/find-all-duplicates-in-an-array,Medium,442,58.7%,undefined
https://leetcode.com/problems/trim-a-binary-search-tree,Easy,669,58.9%,https://leetcode.com/articles/trim-a-binary-search-tree
https://leetcode.com/problems/stone-game,Medium,877,58.9%,https://leetcode.com/articles/stone-game
https://leetcode.com/problems/binary-gap,Easy,868,58.9%,https://leetcode.com/articles/binary-gap
https://leetcode.com/problems/range-addition,Medium,370,59.0%,https://leetcode.com/articles/range-addition
https://leetcode.com/problems/palindrome-permutation,Easy,266,59.0%,https://leetcode.com/articles/palindrome-permutation
https://leetcode.com/problems/baseball-game,Easy,682,59.1%,https://leetcode.com/articles/baseball-game
https://leetcode.com/problems/island-perimeter,Easy,463,59.1%,undefined
https://leetcode.com/problems/triangle-judgement,Easy,610,59.3%,https://leetcode.com/articles/triangle-judgement
https://leetcode.com/problems/managers-with-at-least-5-direct-reports,Medium,570,59.3%,https://leetcode.com/articles/managers-with-at-least-5-direct-reports
https://leetcode.com/problems/custom-sort-string,Medium,791,59.7%,https://leetcode.com/articles/custom-sort-string
https://leetcode.com/problems/wiggle-sort,Medium,280,59.8%,https://leetcode.com/articles/wiggle-sort
https://leetcode.com/problems/uncommon-words-from-two-sentences,Easy,884,59.8%,https://leetcode.com/articles/uncommon-words-from-two-sentences
https://leetcode.com/problems/toeplitz-matrix,Easy,766,59.9%,https://leetcode.com/articles/toeplitz-matrix
https://leetcode.com/problems/not-boring-movies,Easy,620,59.9%,https://leetcode.com/articles/not-boring-movies
https://leetcode.com/problems/groups-of-special-equivalent-strings,Easy,893,60.1%,https://leetcode.com/articles/groups-of-special-equivalent-strings
https://leetcode.com/problems/leaf-similar-trees,Easy,872,60.8%,https://leetcode.com/articles/leaf-similar-trees
https://leetcode.com/problems/keyboard-row,Easy,500,60.9%,undefined
https://leetcode.com/problems/number-of-corner-rectangles,Medium,750,61.1%,https://leetcode.com/articles/number-of-corner-rectangles
https://leetcode.com/problems/shortest-distance-to-a-character,Easy,821,61.2%,https://leetcode.com/articles/shortest-distance-to-a-character
https://leetcode.com/problems/number-complement,Easy,476,61.5%,undefined
https://leetcode.com/problems/subdomain-visit-count,Easy,811,61.8%,https://leetcode.com/articles/subdomain-visit-count
https://leetcode.com/problems/reverse-string,Easy,344,61.8%,undefined
https://leetcode.com/problems/number-of-lines-to-write-string,Easy,806,61.9%,https://leetcode.com/articles/number-of-lines-to-write-string
https://leetcode.com/problems/reverse-words-in-a-string-iii,Easy,557,62.0%,https://leetcode.com/articles/reverse-words-in-a-string
https://leetcode.com/problems/spiral-matrix-iii,Medium,885,62.3%,https://leetcode.com/articles/spiral-matrix-iii
https://leetcode.com/problems/maximum-depth-of-n-ary-tree,Easy,559,62.4%,https://leetcode.com/articles/maximum-depth-of-n-ary-tree
https://leetcode.com/problems/logger-rate-limiter,Easy,359,62.6%,undefined
https://leetcode.com/problems/customer-placing-the-largest-number-of-orders,Easy,586,62.7%,https://leetcode.com/articles/customer-placing-the-largest-number-of-orders
https://leetcode.com/problems/middle-of-the-linked-list,Easy,876,62.7%,https://leetcode.com/articles/middle-of-the-linked-list
https://leetcode.com/problems/find-leaves-of-binary-tree,Medium,366,62.8%,undefined
https://leetcode.com/problems/search-in-a-binary-search-tree,Easy,700,63.1%,undefined
https://leetcode.com/problems/moving-average-from-data-stream,Easy,346,63.1%,undefined
https://leetcode.com/problems/counting-bits,Medium,338,63.1%,https://leetcode.com/articles/counting-bits
https://leetcode.com/problems/transpose-matrix,Easy,867,63.3%,https://leetcode.com/articles/transpose-matrix
https://leetcode.com/problems/smallest-range-i,Easy,908,63.4%,https://leetcode.com/articles/smallest-range-i
https://leetcode.com/problems/n-ary-tree-preorder-traversal,Easy,589,63.4%,https://leetcode.com/articles/n-ary-tree-preorder-traversal
https://leetcode.com/problems/n-ary-tree-postorder-traversal,Easy,590,63.4%,https://leetcode.com/articles/n-ary-tree-postorder-transversal
https://leetcode.com/problems/find-customer-referee,Easy,584,63.8%,https://leetcode.com/articles/find-customer-referee
https://leetcode.com/problems/projection-area-of-3d-shapes,Easy,883,64.3%,https://leetcode.com/articles/projection-area-of-3d-shapes
https://leetcode.com/problems/complex-number-multiplication,Medium,537,64.4%,https://leetcode.com/articles/complex-number-multiplication
https://leetcode.com/problems/battleships-in-a-board,Medium,419,64.4%,undefined
https://leetcode.com/problems/number-of-recent-calls,Easy,933,64.5%,https://leetcode.com/articles/number-of-recent-calls
https://leetcode.com/problems/di-string-match,Easy,942,65.8%,https://leetcode.com/articles/di-string-match
https://leetcode.com/problems/nested-list-weight-sum,Easy,339,65.8%,https://leetcode.com/articles/nested-list-weight-sum
https://leetcode.com/problems/sort-array-by-parity-ii,Easy,922,66.2%,https://leetcode.com/articles/sort-array-by-parity-ii
https://leetcode.com/problems/partition-labels,Medium,763,66.2%,https://leetcode.com/articles/partition-labels
https://leetcode.com/problems/all-possible-full-binary-trees,Medium,894,66.3%,https://leetcode.com/articles/all-possible-full-binary-trees
https://leetcode.com/problems/score-after-flipping-matrix,Medium,861,67.1%,https://leetcode.com/articles/score-after-flipping-matrix
https://leetcode.com/problems/peak-index-in-a-mountain-array,Easy,852,67.3%,https://leetcode.com/articles/peak-index-in-a-mountain-array
https://leetcode.com/problems/all-paths-from-source-to-target,Medium,797,67.3%,https://leetcode.com/articles/all-paths-from-source-to-target
https://leetcode.com/problems/array-partition-i,Easy,561,67.4%,https://leetcode.com/articles/array-partitioning-i
https://leetcode.com/problems/self-dividing-numbers,Easy,728,67.5%,https://leetcode.com/articles/self-dividing-numbers
https://leetcode.com/problems/swap-salary,Easy,627,67.5%,https://leetcode.com/articles/swap-salary
https://leetcode.com/problems/merge-two-binary-trees,Easy,617,68.0%,https://leetcode.com/articles/merge-two-binary-trees
https://leetcode.com/problems/binary-tree-pruning,Medium,814,68.5%,https://leetcode.com/articles/binary-tree-pruning
https://leetcode.com/problems/find-and-replace-pattern,Medium,890,68.8%,https://leetcode.com/articles/find-and-replace-pattern
https://leetcode.com/problems/insert-into-a-binary-search-tree,Medium,701,68.9%,undefined
https://leetcode.com/problems/minimum-add-to-make-parentheses-valid,Medium,921,69.0%,https://leetcode.com/articles/minimum-add-to-make-parentheses-valid
https://leetcode.com/problems/flipping-an-image,Easy,832,69.3%,https://leetcode.com/articles/flipping-an-image
https://leetcode.com/problems/hamming-distance,Easy,461,69.5%,undefined
https://leetcode.com/problems/robot-return-to-origin,Easy,657,69.6%,https://leetcode.com/articles/judge-route-circle
https://leetcode.com/problems/shortest-distance-in-a-line,Easy,613,70.7%,https://leetcode.com/articles/shortest-distance-in-a-line
https://leetcode.com/problems/sort-array-by-parity,Easy,905,70.9%,https://leetcode.com/articles/sort-array-by-parity
https://leetcode.com/problems/maximum-binary-tree,Medium,654,71.4%,https://leetcode.com/articles/maximum-binary-tree
https://leetcode.com/problems/output-contest-matches,Medium,544,71.8%,https://leetcode.com/articles/output-contest-matches
https://leetcode.com/problems/unique-morse-code-words,Easy,804,71.8%,https://leetcode.com/articles/unique-morse-code-words
https://leetcode.com/problems/big-countries,Easy,595,72.1%,https://leetcode.com/articles/big-countries
https://leetcode.com/problems/delete-columns-to-make-sorted,Medium,944,73.5%,https://leetcode.com/articles/delete-columns-to-make-sorted
https://leetcode.com/problems/to-lower-case,Easy,709,74.7%,undefined
https://leetcode.com/problems/encode-and-decode-tinyurl,Medium,535,74.7%,https://leetcode.com/articles/encode-and-decode-tinyurl
https://leetcode.com/problems/find-anagram-mappings,Easy,760,77.6%,https://leetcode.com/articles/find-anagram-mappings
https://leetcode.com/problems/unique-email-addresses,Easy,929,79.3%,https://leetcode.com/articles/unique-email-addresses
https://leetcode.com/problems/max-increase-to-keep-city-skyline,Medium,807,80.1%,https://leetcode.com/articles/max-increase-to-keep-city-skyline
https://leetcode.com/problems/jewels-and-stones,Easy,771,81.8%,https://leetcode.com/articles/jewels-and-stones
https://leetcode.com/problems/range-sum-of-bst,Medium,938,82.9%,https://leetcode.com/articles/range-sum-of-bst